mol_atc_id,level5,molregno
91486,L04AA50,628156
91487,L01EA06,2286380
91488,L01EX15,2089491
91489,L01EX10,608601
91490,L01EN01,1927225
91491,L01EM03,1567700
91492,D06BX03,579824
91493,L01EX13,1763584
91494,L04AC12,1121867
91495,L04AC13,1121905
91496,L01FG02,1121933
91497,D11AH07,1121952
91498,H01AC09,2336156
91499,N05BX04,2039278
91500,A11HA06,1671161
91501,L03AX05,912049
91502,P02BX04,630539
91503,R05CB02,418419
91504,L01FX15,2336180
91505,L04AA54,2336182
91506,G02CX06,1959536
91507,J06BC04,1926775
91508,J06BC03,1380936
91509,L04AA24,675774
91510,L01FD01,675581
91511,L01FX14,1763544
91512,M05BX06,1380140
91513,S01LA04,675776
91514,L04AC14,1380996
91515,L04AA34,675582
91516,A06AA51,1381418
91517,B01AD09,1380747
91518,D01AA08,16303
91519,G04BX13,10009
91520,M09AA72,255947
91521,H02AA02,674961
91522,J05AB01,365538
91523,G01AF06,873560
91524,B05CA03,70239
91525,P01CC02,70239
91526,S02AA02,70239
91527,V08DA05,1160053
91528,V03AB32,432232
91529,N06AX28,164035
91530,P01BA07,72505
91531,B01AC07,86042
91532,D06BB10,250908
91533,N03AD51,31811
91534,S01KA01,2464675
91535,J01GB08,371527
91536,B05CA05,1377690
91537,J05AP05,451744
91538,B02BA02,19344
91539,C08CA14,451341
91540,A01AD07,150549
91541,C08DA01,1219
91542,D08AG03,675176
91543,J05AE09,372438
91544,R03DX07,321696
91545,A07AA02,444572
91546,D01AA01,444572
91547,C01EB15,341383
91548,L02BG01,6317
91549,G04BE01,8130
91550,M03BB53,315123
91551,R06AX29,1121294
91552,S01GX13,1121294
91553,N02AX03,518361
91554,J05AF10,2832013
91555,C10AB05,28331
91556,N05CH03,1376092
91557,G03CB02,860
91558,V08AB02,674406
91559,D06BB05,444029
91560,G01AX02,444029
91561,S01XA10,444029
91562,N07BB05,100696
91563,L01DC03,13590
91564,V04CF01,1380427
91565,J05AF02,390877
91566,A10BB08,341224
91567,G02CB02,263558
91568,N06AX18,14263
91569,V08AB05,554800
91570,J01CE02,24806
91571,A10BF01,448986
91572,J01DF01,61680
91573,C07AB03,1279
91574,N02BE51,16450
91575,H03BB01,517099
91576,A07EA06,313314
91577,A03AA05,321213
91578,C10AA01,138562
91579,B02BX01,938599
91580,P02CX03,1376685
91581,V03AX03,1369604
91582,D01AE15,56831
91583,J01BA52,698632
91584,S01BA15,105252
91585,B01AE03,188815
91586,N06AX24,312971
91587,L01BC02,368538
91588,G04BD11,675715
91589,N05CD06,27028
91590,M02AA31,22873
91591,N02BA06,255532
91592,S01AA28,70140
91593,L01BA03,374007
91594,R06AA54,469763
91595,R03BB04,1927030
91596,C01CX09,429156
91597,V08AB09,674458
91598,L03AX09,261203
91599,R07AB03,193343
91600,V08CA08,674522
91601,G03DB01,674804
91602,G04BD12,1369608
91603,A10BH05,399873
91604,L01EX07,1377987
91605,R06AD08,1377004
91606,J01MA09,65351
91607,L01BB03,36864
91608,H02CA01,674858
91609,N05AC02,5970
91610,C01CA14,123372
91611,N02BB71,26820
91612,D10AE01,674321
91613,M01AG04,10531
91614,G04BA03,674619
91615,G04BX16,264400
91616,G04BX01,674669
91617,S01AA17,12506
91618,P01BE02,573926
91619,A07AA12,704780
91620,M09AB02,1380975
91621,L01XH03,499179
91622,M01AX01,139210
91623,G03XB01,712273
91624,G03XB51,712273
91625,D06BX01,27912
91626,L01BC08,675080
91627,G01AF04,8917
91628,S02AA13,8917
91629,C05BX01,1378461
91630,L03AX14,957194
91631,B05XA02,304381
91632,D11AH02,674637
91633,R03CC12,453827
91634,D10AX03,230691
91635,G01AA10,581843
91636,A02BA51,1620
91637,J01CA11,12465
91638,N02CC06,421034
91639,P01CA02,15890
91640,R05CB15,1078508
91641,B05CX04,30180
91642,R06AX22,111060
91643,A11CC04,63252
91644,N03AX23,609761
91645,G02CC01,11674
91646,M05BA03,60401
91647,B05BB03,674342
91648,B05XX02,674342
91649,M01AH04,680641
91650,C01DA07,454015
91651,S01AX15,28487
91652,J05AB09,74284
91653,D07AC13,187696
91654,M03BA53,675068
91655,P03AX03,674419
91656,N02AA05,27624
91657,C09CA06,116848
91658,R05DB19,248988
91659,G03BA01,377718
91660,B03AA03,2096354
91661,J01FA10,12428
91662,N03AX22,685974
91663,B01AB05,675454
91664,A16AB09,675777
91665,B05AA01,675406
91666,B01AE01,675525
91667,V10BX01,674576
91668,D06AA04,373985
91669,S03AA02,373985
91670,C07AB14,1121337
91671,C01EB03,173
91672,A12BA05,1379248
91673,L01BC59,169321
91674,D10AF05,318321
91675,A12CA01,674525
91676,A09AB02,675081
91677,R01AC07,39540
91678,N01AX13,696929
91679,D03AX12,460417
91680,N02AA59,6167
91681,V03AE01,675556
91682,B02BX07,1380101
91683,H02AB08,381691
91684,R03BA06,381691
91685,L02AB01,675090
91686,P01BC02,51162
91687,L01XX57,484950
91688,L03AB14,1380330
91689,C10AC02,675562
91690,D09AA09,675675
91691,A16AX09,1378015
91692,D10BA01,13928
91693,B01AC25,217548
91694,R03DA57,155584
91695,B01AC22,675723
91696,J05AB14,675265
91697,C07AA05,1370
91698,N01BA52,16581
91699,D11AX16,58841
91700,L01DB06,158277
91701,L01XD03,624125
91702,M03AC10,101924
91703,A16AA02,2832020
91704,J04AK07,374006
91705,N01BB58,150423
91706,M01AB16,150585
91707,L01BB04,467361
91708,H01AC01,675591
91709,B01AF01,328601
91710,D01AC10,16973
91711,N03AX17,1304641
91712,C01BD05,12608
91713,R02AA21,673430
91714,A06AH04,6902
91715,D08AC05,1379209
91716,A06AC06,1381464
91717,L03AA12,1381241
91718,N01AF03,2166
91719,N02CA72,2203
91720,A04AA55,663629
91721,C02DB01,50889
91722,N01AX03,38833
91723,P01BA02,429737
91724,J05AE04,17224
91725,B06AC02,1341082
91726,N07AA02,157330
91727,G04BE10,1285392
91728,L04AA10,923
91729,A10BX08,451662
91730,L01DB08,1531633
91731,R03BA01,674451
91732,J02AX04,1052695
91733,S01FA54,675289
91734,N07CA03,38764
91735,J01MA13,1616
91736,A16AX12,22956
91737,N07XX01,1052744
91738,S01EC03,366274
91739,D06AA02,438486
91740,A03AA04,38293
91741,R06AX17,12957
91742,N01AX15,699152
91743,J01XX04,189099
91744,R06AB54,10358
91745,N06AA02,605
91746,R01BA52,454076
91747,V09GA01,2464672
91748,M04AX01,675388
91749,J04AK03,1379823
91750,L04AA29,367860
91751,A02BX07,1377355
91752,A02BX77,1377355
91753,D01AE24,353270
91754,M04AX02,699376
91755,B01AD07,1380151
91756,J01CA13,378225
91757,L01EH01,14805
91758,R03BC01,7725
91759,S01GA07,62817
91760,P02CC01,1049174
91761,D04AA32,27629
91762,J01DH03,304903
91763,C07AB08,36502
91764,L01EA05,649637
91765,N05BA09,111390
91766,H05AA02,500007
91767,L01EA02,361469
91768,G02AD02,14125
91769,R03BB01,1406675
91770,A05AX05,2335559
91771,L01EX23,2453082
91772,N02CD03,2335727
91773,L01FD04,2335815
91774,A10BX16,2335810
91775,M09AX12,2336033
91776,A11CC06,1926758
91777,N06AB08,54722
91778,J01DD01,558106
91779,N04BB01,27647
91780,V03AH01,364859
91781,A06AX03,675085
91782,N07BA01,115
91783,J01MA01,146
91784,S02AA16,146
91785,N04BC07,3854
91786,D06AX05,674509
91787,J01XX11,706046
91788,B01AC16,191902
91789,N02BG07,418485
91790,D01AE22,26722
91791,C02KX04,1376143
91792,P01AB07,497784
91793,M03AC11,675199
91794,S01AA21,333157
91795,M01CC02,125999
91796,S01BA11,675060
91797,A08AA03,668616
91798,R05CA02,178545
91799,J05AF09,74911
91800,V04CC01,513323
91801,J01CA06,453719
91802,N06AX19,50290
91803,N06BA11,57397
91804,A06AH03,1449222
91805,S01AA11,1592408
91806,S02AA14,1592408
91807,H02BX01,27575
91808,M01AB55,29890
91809,S01BC03,29890
91810,C01DA14,263453
91811,A10BB07,139286
91812,N06AX11,27610
91813,J01AA06,421157
91814,R02AD04,675168
91815,S01BA07,674551
91816,G02AD06,22391
91817,N07XX59,77456
91818,C01CA17,675163
91819,L01EM01,1448219
91820,L01BC09,82983
91821,L01ED02,1570706
91822,N07XX16,1626757
91823,J05AX27,373798
91824,J01GB04,325239
91825,A16AB14,1592355
91826,P03AX07,1445435
91827,J05AX29,1763556
91828,B06AC05,1927038
91829,A02BC07,1038220
91830,C09AA13,188707
91831,J05AX18,701175
91832,B03AA06,2039203
91833,A10BH06,2039206
91834,L04AA44,1966507
91835,V09IX12,423366
91836,C02AB01,3730
91837,S01BA03,487711
91838,C10AB01,16415
91839,L01BC07,418401
91840,G01AC03,373953
91841,J05AF12,496771
91842,D03AX10,387585
91843,C01CA26,351701
91844,R06AE06,12890
91845,B02BB01,1381338
91846,B01AD04,675518
91847,H05AA03,1380344
91848,N02CC01,27111
91849,C10AA03,178796
91850,A16AB04,1381154
91851,S01ED52,1354
91852,V03AF12,2104231
91853,J01DI04,2197845
91854,R03BB08,2096370
91855,A10BG04,1948790
91856,V09IX09,2335311
91857,L01XX69,2335487
91858,S01LA06,2039328
91859,J05AP04,700566
91860,N06DX03,1592358
91861,N04CX01,122252
91862,L03AX15,1379624
91863,L01FC02,1926980
91864,L01EB06,2077913
91865,A16AX19,1528367
91866,M03BX30,1078531
91867,D01AE07,604618
91868,A12CE01,184643
91869,L04AD02,2197758
91870,J02AX08,2197799
91871,A07AX03,389718
91872,G03XA02,1209273
91873,P02BA02,63445
91874,L02AA02,675467
91875,C01AA01,1926906
91876,G01AA04,674598
91877,R07AA01,674688
91878,C03AA09,92458
91879,A03BB06,674802
91880,V08AB06,674506
91881,V08AB12,675026
91882,N05BC04,674873
91883,N05BC01,99389
91884,N05BC51,99389
91885,V08AB01,453512
91886,V09EX02,674624
91887,N05AH05,1676656
91888,V04CD03,675506
91889,V10XX01,1379795
91890,J01EB03,2265
91891,J01ED08,153330
91892,N05CA07,674753
91893,D05AD01,402531
91894,A10AB03,675594
91895,N03AX07,83000
91896,V09DA01,674874
91897,V09GA02,674808
91898,V09GX02,1381304
91899,A16AX21,2464764
91900,C04AX20,316539
91901,N05BA05,1378355
91902,D01AE08,1376184
91903,G01AX01,256001
91904,N02BB73,60246
91905,J01DD18,1378223
91906,D07AB21,1378281
91907,R03DA03,53737
91908,A06AB04,104250
91909,B05CA06,458901
91910,R05DB21,418427
91911,P03AB51,16530
91912,R03DX02,1379961
91913,S01AD08,675630
91914,A06AB53,82895
91915,N05CM03,939495
91916,N01BB57,6883
91917,P03AC52,1152067
91918,N06AA18,752797
91919,N01AF02,2367
91920,C10AX03,1078539
91921,N05AH06,103542
91922,N06BX05,418438
91923,N05BA24,945379
91924,C10AB09,255910
91925,G03AC07,1248690
91926,V04CC04,675306
91927,J01GB09,558497
91928,C05AX05,1763652
91929,N02BA57,907761
91930,M03BX06,380430
91931,R06AX01,515843
91932,C04AC02,697885
91933,D09AA08,1381282
91934,A06AC08,1381298
91935,R05DB17,1377323
91936,C03BA07,1205829
91937,D01AA06,2197764
91938,G04BX12,763100
91939,S01AX10,2197576
91940,M03BA51,612263
91941,J01ED05,2516
91942,N05AL02,25760
91943,A11HA31,1241920
91944,D03AX04,1241920
91945,M02AA28,1379236
91946,J01CE06,1379258
91947,A01AB15,1379335
91948,N01AH04,1377655
91949,A07DA05,1377384
91950,R05DB25,1377428
91951,D08AE02,1379207
91952,V09XA02,1377281
91953,G03DC31,1379071
91954,N05CM10,1376562
91955,M01AE05,16456
91956,P03BA01,1376878
91957,C03CC02,2819
91958,C02CC06,1329816
91959,A07AX04,1378800
91960,G04BD03,1377512
91961,J05AC03,2197377
91962,A09AA01,1380718
91963,S01AB03,1377180
91964,J01ED09,1377191
91965,N02CB01,1377202
91966,N02BG05,1377210
91967,N05BA16,11762
91968,V08AB08,1377053
91969,A11CC02,1533212
91970,A08AA07,835925
91971,L04AA22,1380437
91972,A07XA51,1380440
91973,C10AC03,1380507
91974,A06AB07,1380531
91975,D01AC22,979010
91976,R02AA18,28516
91977,R03AC07,675164
91978,A12AA02,1376864
91979,P01AX04,586457
91980,N02BE74,1078605
91981,D07AC05,421059
91982,R06AB07,1121310
91983,V04CH04,2197305
91984,H05BA04,1376672
91985,C08EX01,150806
91986,N01AB02,67839
91987,P03AA05,198725
91988,G01AF13,222702
91989,M02AA11,621308
91990,J01MA10,70795
91991,P03BX03,435597
91992,S01AA05,577826
91993,C01DX09,1376552
91994,M02AA02,1232772
91995,N06AX13,139173
91996,C02CC07,453408
91997,C03CA03,258666
91998,N05CE03,1103232
91999,P03AC01,1381032
92000,J06BB03,1381094
92001,A07BC04,1381098
92002,A09AB03,694171
92003,J01XX07,878794
92004,N02AA10,2096385
92005,N02BA15,2096376
92006,P01CD02,754676
92007,A06AD03,2039269
92008,C01DA38,2039228
92009,N05CA12,488075
92010,R02AA03,1673728
92011,R06AA06,1383214
92012,R06AE51,675222
92013,J01CA15,1042736
92014,D08AK30,695657
92015,B03AA08,2039357
92016,N05CC03,2039279
92017,N04AA05,213639
92018,G01AC05,192290
92019,R03AC05,140105
92020,C01BA04,1248766
92021,A03AB21,1225404
92022,S02AA04,2039212
92023,J01DB10,1383042
92024,J01CE05,1037639
92025,D01AC12,1064822
92026,C01EB07,620556
92027,V09FX04,2039188
92028,A03AX58,418413
92029,J01DF02,1037673
92030,N05AA04,57294
92031,R03DA08,1383200
92032,N06BX16,267304
92033,G01AF16,1349963
92034,A03AX14,1383616
92035,N05AB01,1753620
92036,R01AX01,2039419
92037,D08AK05,2039359
92038,A03AA07,165774
92039,D01AC09,223819
92040,A12CC07,2039273
92041,B03AA09,2039227
92042,G03DA01,2039183
92043,R06AB02,675304
92044,R05DB16,1205705
92045,A03AB15,675291
92046,A02BA06,2537484
92047,B01AD12,2832738
92048,A05AA04,574221
92049,L01EJ02,714243
92050,B02BX09,1376100
92051,N02CC08,1592338
92052,L01EH03,2197739
92053,A04AD13,1069144
92054,L04AA46,1966506
92055,A06AH05,1378025
92056,V04CD06,22393
92057,L01XX44,1121853
92058,L01FC01,1121878
92059,J05AX23,1121900
92060,L04AC10,1121939
92061,L01FD03,1121953
92062,L04AC04,675781
92063,J06BD04,2464819
92064,R07AB07,657667
92065,N02BB02,2197674
92066,N02BB72,2197674
92067,P03AX01,230966
92068,B02BX03,1381170
92069,J06BD06,2486722
92070,L01XX77,2464781
92071,N07XX18,2464942
92072,V09IB02,1121962
92073,L01FA01,675578
92074,L04AC02,675419
92075,L01FX13,1763551
92076,C10AX13,1540527
92077,L01FG01,675483
92078,L01FX11,1382093
92079,J01MA07,16278
92080,J05AB13,430597
92081,L01DB01,78759
92082,D01BA01,16303
92083,J01CA04,143284
92084,M03BA72,230249
92085,A10BJ05,1380293
92086,N07BC01,446784
92087,L01AA01,674747
92088,A03FA04,418421
92089,C01EB13,975608
92090,S01AD03,365538
92091,N06BA07,317124
92092,A01AB18,13494
92093,J01MA02,241
92094,M03BX09,1243552
92095,D06BB01,47675
92096,R05DB01,798263
92097,C01DA55,479621
92098,M04AB01,77474
92099,G04BE09,421326
92100,A10BA02,369464
92101,R05DB07,1043826
92102,B02AA02,73547
92103,J01DD02,61682
92104,J02AX06,84251
92105,G01AA01,444572
92106,G02CX01,332615
92107,J02AX01,393942
92108,V04CC03,164064
92109,N07XX08,1376107
92110,R07AX02,1331852
92111,J04AK06,365195
92112,A07XA06,1380450
92113,N05AB04,37266
92114,A08AX01,16088
92115,V04CK01,1592393
92116,C01DA52,37493
92117,C01CX08,1352913
92118,A06AX01,31422
92119,A10BB31,454070
92120,C02KX02,154051
92121,L02BG03,337366
92122,A03BA01,445395
92123,G02CB03,675038
92124,C01EB02,445067
92125,A16AX10,1383028
92126,L04AX02,5028
92127,L03AB01,1380772
92128,H02AB11,1377629
92129,J01BA02,698632
92130,N05AX11,34266
92131,S02BA08,105252
92132,S01EE04,674750
92133,N06AF01,675119
92134,S01JA01,2335038
92135,N05AD03,955018
92136,L01AA03,65415
92137,N01BB04,208749
92138,N01BB54,208749
92139,D10AD02,104574
92140,G04BX03,37820
92141,V03AN01,697236
92142,D06BX02,1204084
92143,A16AA05,675731
92144,N05CM19,630322
92145,A14AA01,34933
92146,G03BB02,34933
92147,A16AX08,1377257
92148,G03XC05,1377665
92149,S01AB01,204115
92150,D07AC07,674963
92151,J01DE01,372385
92152,J02AA01,8873
92153,S02DA03,26820
92154,B05XA04,674890
92155,C02AC01,27609
92156,C03DA02,795084
92157,M09AX05,1378215
92158,J01MA14,1788
92159,S01AE07,1788
92160,A11CC03,1025553
92161,A01AB02,195106
92162,D11AX25,195106
92163,J04AB05,497291
92164,J01FA15,171587
92165,D03BA52,1380975
92166,D01AC18,1377959
92167,R05CA03,100157
92168,S01EC05,1124
92169,S02AA17,581859
92170,A06AB02,88841
92171,G03CA06,674712
92172,D06AA01,454084
92173,J01AA01,454084
92174,M05BA06,110435
92175,V04CX02,469217
92176,A12CC01,1674520
92177,B05BC01,30180
92178,B05AA09,1381229
92179,N07BC06,1378897
92180,A01AB22,674650
92181,J04AD01,801908
92182,S01EB05,9277
92183,N06DX01,52523
92184,C05BB04,674305
92185,J01DH06,1379756
92186,A16AX04,281549
92187,J07AM51,1381141
92188,C08CA05,419596
92189,N05BA12,27648
92190,D07AC19,675700
92191,D07XC03,187696
92192,L02AA03,31241
92193,A10AE04,675383
92194,A10AF01,675534
92195,V08CA10,1451123
92196,V08CA01,674382
92197,N02AB03,19915
92198,P01BE03,316347
92199,S01AA09,373985
92200,L01EG02,1248731
92201,B05AA10,1381428
92202,L01EX02,276734
92203,J05AJ03,691562
92204,A04AD10,4496
92205,A03AB02,674978
92206,A10BG01,666
92207,C02CA06,33469
92208,N03AX03,151273
92209,V03AX02,438664
92210,G03CA04,328137
92211,R03BC03,39540
92212,D11AH04,33216
92213,N07AX02,2832021
92214,D01AE14,353011
92215,R05CB03,397731
92216,L01XH02,246935
92217,R01AD11,381691
92218,L01XG01,187372
92219,L03AA09,675569
92220,D01AC14,675147
92221,R06AX12,19569
92222,C01AA05,581814
92223,D08AE04,64200
92224,S01BA09,1508315
92225,L02BA02,495109
92226,J01XB02,2832005
92227,R06AD52,27368
92228,R01AC03,27309
92229,C01BC03,27112
92230,S01GX10,152610
92231,C05AE03,1278
92232,S01EC01,1125
92233,N01BB08,150423
92234,C10AX09,175106
92235,D02BB02,54825
92236,C02AA53,1941483
92237,L01ED01,602271
92238,J01DB04,371631
92239,G02CC03,9913
92240,J05AF08,83515
92241,J01DC10,2832024
92242,L03AX01,1380475
92243,L01CE04,1383524
92244,S01EB09,27812
92245,J01DC07,255510
92246,C01BC04,27588
92247,L01AA05,1470
92248,R06AX26,81683
92249,S01XA23,923
92250,R03DC53,47447
92251,C04AB01,20131
92252,A07AA06,325236
92253,N05CD01,95929
92254,G04BE52,21716
92255,G04BD08,561914
92256,R06AB04,10358
92257,C09AA07,61706
92258,R03AA01,28976
92259,S01EA51,28976
92260,B01AD02,675431
92261,S01XA13,675431
92262,N04BX02,92412
92263,V03AF07,675388
92264,J01CF03,16716
92265,H01CB01,1173967
92266,V03AX04,2197786
92267,N06AX14,715513
92268,C10AC04,675572
92269,R06AB51,54051
92270,N05BE01,3599
92271,N03AX26,139434
92272,C01CA02,1994
92273,R02AB01,2197622
92274,S01AA03,2197622
92275,S02AA07,2197622
92276,N02BG06,458338
92277,R01AC01,7725
92278,S01EA05,62817
92279,R06AA52,27629
92280,M03BX08,28119
92281,R03CC53,583322
92282,N04AA01,418411
92283,J01CF06,374064
92284,S02BA03,27370
92285,G01AF08,674389
92286,C09AA04,453579
92287,G02CB01,7065
92288,N04BC01,7065
92289,R03CC11,641256
92290,M09AX13,2335537
92291,L03AX08,2335530
92292,A16AB20,2335772
92293,A16AB24,2335774
92294,L01FX12,2336018
92295,B02BD10,2336097
92296,N06BA03,675152
92297,R01AA04,219334
92298,D06BB12,675628
92299,N06AA06,27385
92300,L01FF07,2336095
92301,A04AA02,54547
92302,N02AA03,419580
92303,L04AX03,49931
92304,N05CH02,221962
92305,S01ED05,62182
92306,J01XX10,674509
92307,V04CX03,99320
92308,S01KX01,675559
92309,B01AX01,1380662
92310,A09AA04,1381059
92311,V03AF04,1248732
92312,L01DB07,4504
92313,S01EB06,14126
92314,L02BG06,674325
92315,J04AK02,67617
92316,P01CX01,314132
92317,S01AE06,1712
92318,L04AA13,93895
92319,V03AB21,178545
92320,C05CA53,393440
92321,J01GB07,453520
92322,S01AA23,453520
92323,S01AA10,674607
92324,B05CX02,513323
92325,A07EA02,374052
92326,S01CB03,374052
92327,J01GB03,1592408
92328,S03AA06,1592408
92329,A07BA01,1378319
92330,P02DA01,378218
92331,J05AF01,27307
92332,C09AA11,1967
92333,G03DC06,674575
92334,D07AC01,27152
92335,J01DC08,674561
92336,J05AG06,1540480
92337,R07AX01,674640
92338,D11AX05,2197728
92339,A02BX05,675137
92340,L01EF01,319858
92341,R06AX27,191342
92342,N05AH01,59519
92343,J05AP03,360720
92344,L01XL04,1763536
92345,L01XJ02,1378007
92346,J01XX12,1761965
92347,L01XK01,469866
92348,V03AE02,2832000
92349,P01CX02,59311
92350,G03CX01,1376044
92351,A12CB01,674880
92352,A05AA03,343964
92353,B01AB07,2039178
92354,A05AX04,20100
92355,V03AB18,2096356
92356,A03AX12,459125
92357,D11AH06,520269
92358,S01XA27,2039246
92359,M01AE53,16591
92360,M03BX05,1086104
92361,C10AB08,563655
92362,C08CA02,405365
92363,R02AA11,373953
92364,B01AB09,675608
92365,V08CX01,674817
92366,R03DX11,2039200
92367,A11HA04,429204
92368,R02AA19,13456
92369,J07BD01,1381477
92370,V10XX03,1380086
92371,S01GA52,245084
92372,N02AA51,6005
92373,B01AB11,1380352
92374,N05AE05,699372
92375,C07AB05,1354
92376,N05CF01,224263
92377,L01XA04,2096418
92378,N06AX06,26465
92379,N02AX02,699395
92380,P01CA03,1054485
92381,N03AX19,1364661
92382,L04AC18,2197900
92383,N02CD07,2198936
92384,A02BC08,1363360
92385,L01EX19,2294618
92386,L01EN02,2335493
92387,L01XX66,1927034
92388,G03XB02,1376116
92389,A03AE03,1376048
92390,N06AX27,390556
92391,A16AX20,84655
92392,L01CA05,1383165
92393,L01XH05,36237
92394,L04AA57,1380620
92395,V10XA01,675035
92396,L04AC19,2096358
92397,V09IA08,2039362
92398,C09AA15,188706
92399,B02BC01,1380257
92400,A14AA05,674536
92401,M02AA04,2197547
92402,V04CG04,271725
92403,M03AC06,674673
92404,V09GB02,675407
92405,N06AA17,155045
92406,V03AG01,675430
92407,A10BB02,8516
92408,V10AX01,674627
92409,M09AB01,675593
92410,V09XX02,1376651
92411,B01AA01,394231
92412,G03CB01,117108
92413,L02AA04,674549
92414,V03AB09,454382
92415,A14AB02,674574
92416,V08CB01,675603
92417,V09GB01,675405
92418,G03GA06,2832777
92419,C05BB03,675620
92420,V09CX03,1378588
92421,V08AC10,1359039
92422,V08AC08,674984
92423,D11AX06,13474
92424,C03BC01,674894
92425,R06AD04,674910
92426,N03AD03,31857
92427,V04CX05,1369657
92428,B05XA15,674615
92429,D11AX12,1826000
92430,A12CA02,2197727
92431,D06BA05,1159
92432,D06BA02,2095
92433,J01EB07,2095
92434,V09GA07,675605
92435,V09BA01,674366
92436,A10AE03,675594
92437,R03DA02,674385
92438,A10BB05,56131
92439,M03BB72,674665
92440,J01CA18,675067
92441,V09CX02,674714
92442,N05CM01,22572
92443,A08AA08,685092
92444,N05CD11,1379718
92445,J01FA03,1248707
92446,N02BB03,60246
92447,A03FA10,1379993
92448,P01AB05,1152054
92449,C02AA06,2197412
92450,N05BA21,1078501
92451,P03BA03,1017450
92452,C03CX01,453487
92453,M02AA06,875517
92454,N06AA23,176016
92455,V09EB01,1380259
92456,D01AC05,995747
92457,S01AE09,15423
92458,N06AF06,150717
92459,J01EB01,516056
92460,L01BC04,454374
92461,L01AC03,139950
92462,A07DA04,675272
92463,B02BX02,1352918
92464,M01AX23,1248726
92465,N06AA03,1037650
92466,D01AC17,568124
92467,D04AA15,515843
92468,A12CC05,1381494
92469,V08AA05,1379509
92470,N05BA22,1379524
92471,D03AX01,1381204
92472,M09AB52,1381087
92473,A07BC03,1381114
92474,V09AB02,2197753
92475,R05CB09,1377314
92476,M01AX22,1377329
92477,C05BA02,1941481
92478,A02BX08,1380351
92479,R02AA14,130007
92480,N05AC01,418410
92481,G02CB06,117385
92482,N03AX30,99581
92483,J01DC13,1248743
92484,G01AC06,373973
92485,R06AX53,1377728
92486,A03AX07,1379267
92487,N03AX13,1379332
92488,G03DB03,1379095
92489,R01AD07,1379382
92490,R01AD57,1379382
92491,R05DB22,1377437
92492,C03AA13,1377482
92493,N05AX10,1378920
92494,R05DB04,1377272
92495,M01AE16,1140315
92496,M01AX13,12418
92497,A03AB17,1377067
92498,C03BA13,1378456
92499,J01MA21,2197375
92500,C07AA19,100929
92501,M02AA16,876580
92502,N05CM15,453505
92503,P01AX09,1078505
92504,P01BB02,2197696
92505,A05BA04,1376727
92506,J01XX02,1376789
92507,D07AC16,1378579
92508,V08AC05,1378587
92509,H02AB14,1078581
92510,C01DX04,395946
92511,D03AX09,1380449
92512,P01AX10,48859
92513,C03BA10,452689
92514,N06DA05,219546
92515,R03CC09,82934
92516,A06AC07,1380962
92517,R01AA11,204823
92518,P01AB04,222702
92519,J01MB04,37731
92520,C10AB07,255557
92521,C01CA21,1376477
92522,G01AX05,453569
92523,G03CB03,1078591
92524,C03CD01,1078524
92525,D01AE17,658310
92526,B05XA13,694171
92527,M02AX05,171866
92528,D10AX01,2096365
92529,V09XX04,2096400
92530,V09CX04,2096374
92531,C10AB03,2096387
92532,D08AK02,2096406
92533,M01CB02,2096430
92534,P02BX03,1152053
92535,P01AR02,1152060
92536,V09AX01,675204
92537,D01AE02,588923
92538,C01DA04,2039180
92539,C01DA54,2039180
92540,B03AA05,1672995
92541,C04AD04,2039210
92542,N04AB01,2039186
92543,J01MA05,15371
92544,R07AB08,483722
92545,A02BX51,454298
92546,N07AA30,490064
92547,R06AA59,111498
92548,D08AH01,192290
92549,A03AB04,1383140
92550,J01MA19,360671
92551,N05CX05,1383245
92552,C07AA23,254975
92553,A03AB01,1383228
92554,R01AA12,12847
92555,R02AA17,657555
92556,C04AA31,1308753
92557,D04AB07,209224
92558,N06BX14,1383487
92559,R06AX08,1078598
92560,V03AB06,682593
92561,A03AA09,1766457
92562,B03AB01,2039255
92563,V09DA05,2039232
92564,C07AB06,138698
92565,N03AC03,150846
92566,P02CX02,1152068
92567,A12CC09,2039253
92568,N03AB03,2039360
92569,N06BA06,1009
92570,N06AA11,28112
92571,R03AB03,44647
92572,R03CB03,44647
92573,R06AB03,26443
92574,A07DA01,675245
92575,A08AA12,1763586
92576,L01EX24,2335161
92577,L01EX14,1304559
92578,L02BB06,2335156
92579,L01EE04,1037712
92580,D11AH08,1987927
92581,L01EX06,1248752
92582,R05DB29,2041038
92583,R03DX10,1121862
92584,L01FX10,1121920
92585,L04AC15,1121942
92586,L04AA48,1326477
92587,L04AX08,2336151
92588,L01XX74,2456099
92589,N07AB01,892
92590,N06BX07,53624
92591,B02AB04,598444
92592,B06AX04,2337891
92593,R03DX08,1380150
92594,L04AC07,699373
92595,L04AA51,1540525
92596,L04AC08,675785
92597,C02KX03,23417
92598,D06BB06,430597
92599,A06AA01,1381418
92600,S01XA22,1369610
92601,V03AC03,564990
92602,N05CC05,834627
92603,J01XA05,1076140
92604,J01XA04,1763640
92605,N07BC51,446784
92606,L03AB03,675394
92607,P01AB03,873560
92608,D09AA03,70239
92609,D11AX27,42520
92610,R01AA05,42520
92611,B05XB01,674332
92612,A16AA07,1380123
92613,N03AD01,31811
92614,L04AX05,705377
92615,A05AA02,442013
92616,N03AF02,139014
92617,J01EC02,2131
92618,V04CE01,695408
92619,C05CA01,378065
92620,L01CB02,453046
92621,N05AA01,6216
92622,C01EA01,8130
92623,B01AC06,1280
92624,V03AE06,1376070
92625,N05AX15,1340277
92626,G02CA03,49226
92627,R03CC04,49226
92628,G04CB01,33679
92629,G03GA09,1380451
92630,D04AB04,16735
92631,J01XX08,26280
92632,P01BD01,2080
92633,P01BD51,2080
92634,N01BC01,333370
92635,D01AE16,499440
92636,A06AG04,31422
92637,M01AH01,18694
92638,R03BA02,313314
92639,D02BB01,255373
92640,D01AC08,255904
92641,B01AA12,33810
92642,C04AX24,2197315
92643,N06AX26,1377263
92644,D01BA02,56831
92645,A03AD30,1377330
92646,B05CB03,2197351
92647,G01AG02,259959
92648,D07AC04,105252
92649,M05BA01,70675
92650,C03XA01,227437
92651,V09EX03,674636
92652,A10BK02,2464648
92653,V09AX05,1145509
92654,A10AE06,1380135
92655,B01AC27,406189
92656,J06BB05,675453
92657,A16AA03,85305
92658,N03AG01,15217
92659,R07AB53,193343
92660,V09IA09,1380992
92661,N03AA03,65728
92662,J05AH01,373806
92663,R01AX08,312304
92664,V08DA03,1240372
92665,V09IX05,1831168
92666,A06AB06,1380824
92667,A06AB56,1380824
92668,N05CM13,610416
92669,A01AB04,8873
92670,A09AB04,240769
92671,H02AA03,674493
92672,B01AD11,1381057
92673,J01FA09,570147
92674,B05XA07,674619
92675,C08CA11,630356
92676,J01CE08,2197386
92677,J01FA01,12506
92678,R03BB07,499120
92679,C07AB12,27569
92680,P01AB51,27912
92681,J06BB02,675575
92682,J02AB01,8917
92683,G03DB06,182928
92684,H02AB13,675842
92685,L03AA10,1381394
92686,J07BE01,1381467
92687,N06AG02,139099
92688,N05AG02,364141
92689,P01AB06,99368
92690,V03AB19,9277
92691,M01AE51,11674
92692,C08CA08,453570
92693,G03BA02,328400
92694,C01DA57,454015
92695,J05AB15,42503
92696,M01AH05,6706
92697,R03DA04,381693
92698,M03BA03,675068
92699,M03BA73,675068
92700,M02AA19,16308
92701,A12AA03,1378389
92702,L01XX02,1381255
92703,N01AH01,19915
92704,L04AX06,63100
92705,N02CC02,250297
92706,J01DI02,497230
92707,C01BA01,255477
92708,M01AH02,21697
92709,S02AA08,373985
92710,G01AX06,151310
92711,M02AA23,173
92712,A02AA05,1381399
92713,L03AA03,1381400
92714,A16AX13,1379651
92715,G03AC02,1379701
92716,R03BB06,674978
92717,C01CA07,84505
92718,L01BC05,75901
92719,L01XX23,504310
92720,G01AD03,443348
92721,N02AA79,6167
92722,A02BC05,675271
92723,R01AD12,508532
92724,L01BB06,581569
92725,N01BX01,67784
92726,M05BX08,431765
92727,G01AF19,675147
92728,C07AA06,8531
92729,S01ED51,8531
92730,B01AC18,755916
92731,R03DC01,21523
92732,C05CA04,1671611
92733,J05AF11,366271
92734,D10AD54,13928
92735,G03DA03,674799
92736,L01BB05,624161
92737,C03BD01,155584
92738,J01DD04,83724
92739,N06BA09,27342
92740,S02AA11,2832005
92741,J05AF06,321707
92742,R06AX19,27309
92743,S01GX07,27309
92744,N01BA02,16581
92745,S01HA05,16581
92746,A04AA04,1543376
92747,D01AE23,105442
92748,C02AA52,43952
92749,N02CC05,420985
92750,L04AA40,467361
92751,M09AX06,1380544
92752,V03AB14,675563
92753,C02AA03,1941483
92754,B01AB10,675528
92755,P02CA03,406787
92756,S01AA01,27340
92757,S03AA08,27340
92758,G03DC04,407453
92759,M01AX07,9913
92760,J07AJ52,1381485
92761,D08AC02,48849
92762,D09AA12,48849
92763,S01AX09,48849
92764,R07AB01,581848
92765,G04BE04,15191
92766,S01AE08,675711
92767,A03AX10,1078590
92768,L01BA04,374008
92769,G04BD07,321964
92770,A11HA03,2197598
92771,L01AA02,11002
92772,S01FA04,675289
92773,N02AA11,94484
92774,L01DC01,427010
92775,J01AA03,438486
92776,L04AA19,430481
92777,C01CA09,675270
92778,R03CC14,624233
92779,A03FA01,7736
92780,N02AA08,454306
92781,A03BB01,1041053
92782,R01AA08,42468
92783,G04BE02,21716
92784,R06AX02,11005
92785,N03AB05,675287
92786,R02AD02,6723
92787,R01AA14,28976
92788,A10AB04,675366
92789,A02BX13,1381160
92790,C03BA11,619
92791,N02AF02,77207
92792,L04AA27,144940
92793,J01EB05,2484
92794,N05AD05,65538
92795,C09AA05,189203
92796,N05AE03,10813
92797,R03AC18,625589
92798,C05CX03,1381339
92799,A08AA02,139434
92800,A07EB01,7725
92801,D11AH03,7725
92802,R01AC51,7725
92803,N02CA01,558566
92804,H01CC02,674441
92805,B01AC17,82721
92806,S01FA02,579689
92807,A10BG02,20027
92808,N03AG03,10909
92809,J01XE01,16592
92810,D07XA02,27370
92811,R01AD02,27370
92812,D01AC07,674389
92813,V03AF01,96595
92814,R01AX03,1406675
92815,A06AG10,1246443
92816,A02BC09,2335554
92817,A16AX17,2335556
92818,L04AA58,2335522
92819,N07XX15,2335741
92820,H01AC08,2335801
92821,L01FX23,2335812
92822,A05BA10,2336036
92823,H05BX05,1926758
92824,J01MA04,57175
92825,P01AX11,338934
92826,R01BA53,219334
92827,L01DC04,675703
92828,N06AB05,6643
92829,L03AX17,699375
92830,N05AE04,33664
92831,P03AA04,94571
92832,A16AB06,675600
92833,R03DA55,794445
92834,H01CC01,2832028
92835,C08CA07,554892
92836,J01CF01,77085
92837,C07AA15,62182
92838,S01ED55,62182
92839,V09IX04,622931
92840,A02AA02,674523
92841,N02AB52,22528
92842,M01AC01,11968
92843,B06AA04,675559
92844,L01AD07,1377618
92845,H01BA02,366868
92846,D08AX07,757962
92847,N05AX07,1383470
92848,D06AX12,333157
92849,J01GB06,333157
92850,M04AA01,395607
92851,C04AX02,41434
92852,S01EE05,1285394
92853,L01XG03,1413247
92854,J01GA01,334866
92855,D01AA02,674607
92856,D07XA01,374052
92857,S01BA02,374052
92858,J01DE02,104846
92859,A07BA51,1378319
92860,N06BA13,675143
92861,J01AA04,1376199
92862,D07AA01,27575
92863,D11AX18,29890
92864,L01EX05,1277553
92865,B05XA09,136282
92866,V08CA06,674408
92867,D07XC01,27152
92868,H02AB01,27152
92869,S02BA07,27152
92870,S01AB04,2525
92871,D06AA03,421157
92872,V03AF08,675772
92873,N06AA09,27072
92874,V09AX06,574519
92875,D07XB04,674551
92876,B05XA05,2197728
92877,D07AB10,674940
92878,C07AA12,461225
92879,G03AC10,421032
92880,M03BX01,32869
92881,L01DB02,336913
92882,G04BX06,231062
92883,S01EE01,132003
92884,N04BC09,258371
92885,M01AB08,26431
92886,L01XA02,300022
92887,V09AX07,1927102
92888,G03XA01,405364
92889,L01XX52,1626740
92890,N07XX05,282661
92891,L01BC03,24522
92892,A06AX08,1766456
92893,B01AB12,2039336
92894,L01FX17,1927111
92895,N05CH01,3012
92896,A06AD15,466350
92897,B03AA01,2039179
92898,V09IX07,2039316
92899,D10AD06,2039284
92900,M05BX07,2039247
92901,H02CA04,72036
92902,H02CA02,1610476
92903,N02CD02,2039299
92904,J01GB01,577488
92905,M01AE03,16591
92906,A03AD02,565387
92907,P01AA04,373953
92908,L03AB13,1380943
92909,L01DB04,462845
92910,R01AB05,351701
92911,C01CE03,421520
92912,N07BB04,21459
92913,G03AD01,328164
92914,B01AC09,175331
92915,N05BX05,1380476
92916,N05CD02,11745
92917,N06AX29,348726
92918,L02AE01,1383264
92919,J05AP07,1339281
92920,D05AC51,66687
92921,B01AA07,394206
92922,N07XX12,2197858
92923,L03AX21,2197897
92924,J02AC06,1780336
92925,L01XK06,2252281
92926,V09IX15,2335310
92927,B02BX06,2096444
92928,N02AX07,1589794
92929,L01CA06,1592339
92930,L04AC16,1540520
92931,C01BD06,1383550
92932,L01EG03,1376109
92933,B01AF04,459679
92934,L01XX53,103395
92935,L01XD06,21393
92936,L03AA15,1380838
92937,V09FX03,675035
92938,V09IX10,507206
92939,D09AA07,114108
92940,L04AA03,1381247
92941,A12BA04,1379245
92942,A14AA02,1363818
92943,V04CG03,2197391
92944,V09BA02,674882
92945,M01AX14,1380811
92946,S01BC02,2197547
92947,M01AA01,12417
92948,J01DB09,454576
92949,C02AA05,674466
92950,N05BA13,95970
92951,C03AA02,583522
92952,V09EX01,675047
92953,S01BA08,675124
92954,N05CE02,674741
92955,L01AD08,418344
92956,A12BA03,1377518
92957,H03BC01,674647
92958,V09FX02,675034
92959,H01AC02,675381
92960,A02BX02,2197651
92961,D06BA06,2130
92962,J01ED07,2130
92963,J01EB06,1159
92964,N05AF04,209829
92965,C01EB21,2197566
92966,N05CM08,19469
92967,N01AA02,1378153
92968,N05AD02,14882
92969,M04AC02,252029
92970,M01AE10,16599
92971,C01AA09,1376229
92972,C02AC04,99442
92973,G03DB07,328172
92974,S02DA04,147956
92975,J01XE02,1078527
92976,H01BA05,1171648
92977,M01AB14,1378095
92978,M03AA04,1378111
92979,P03AA01,199210
92980,M01AB10,598869
92981,A06AB03,82895
92982,J01DB12,1078578
92983,N05CD12,96652
92984,G04BE06,265957
92985,V08AC04,646449
92986,A16AX02,300763
92987,G02AD04,699473
92988,C08CA12,1376031
92989,J01DD10,1376034
92990,J01AA09,699397
92991,D01AA04,442650
92992,S01AA29,558497
92993,C01DX10,209510
92994,C09XA01,42751
92995,N02BA09,875057
92996,P03BX02,165740
92997,D10AF04,699475
92998,N05CA03,419412
92999,N06AB07,53118
93000,V08AA07,675278
93001,C01DB01,1248678
93002,C01CX06,92879
93003,A12CC03,2197511
93004,J06BB13,1381484
93005,V08CB02,1381175
93006,D07AB04,1377357
93007,V08AC03,1378642
93008,N05CM04,1078577
93009,N05AC04,1378709
93010,N02BE53,16498
93011,A03AX11,1110534
93012,A07AX01,373973
93013,P01AA01,373973
93014,A07AB03,204090
93015,A03FA06,182814
93016,J01ED01,93930
93017,D01AE04,711972
93018,D01AE54,711972
93019,N06BC02,611752
93020,N05AL06,1377851
93021,A14AA06,1379269
93022,N05AE01,1379281
93023,C03BA05,1377401
93024,C02DB04,1378831
93025,R03DA06,1376534
93026,M03BA05,1376553
93027,R05DB14,1376861
93028,N04AA09,624137
93029,A02BX04,1160184
93030,M01AX18,876580
93031,N05BX01,1377060
93032,R05DA11,1378595
93033,J02AA02,1380469
93034,R01AX07,28516
93035,S01AX08,28516
93036,R07AB52,1376877
93037,N02BE04,1078605
93038,J01DI01,2335072
93039,D06BB09,169382
93040,C05CA02,1925123
93041,R06AX21,1376715
93042,B01AD08,1380395
93043,B01AE04,2451
93044,R06AD07,112175
93045,J01GB10,372440
93046,P02BB01,277372
93047,P02BX02,254526
93048,M04AB04,1376595
93049,N05BA10,1376626
93050,M01AE06,219327
93051,R06AX23,254380
93052,C03AA07,797138
93053,B05CA08,1533104
93054,A04AD05,421100
93055,M01CA03,365543
93056,C01DX02,31171
93057,C01DX52,31171
93058,S01AX06,32978
93059,G03DB05,1376501
93060,J01CE04,1378177
93061,G03CC03,1078591
93062,R05CA08,1380511
93063,A07BC54,1381098
93064,G03GA02,1381217
93065,A01AD06,1376266
93066,R07AB06,2096353
93067,M01AA05,2096442
93068,M02AA03,2096442
93069,A04AD02,2096414
93070,P01AR53,1152056
93071,J01GA02,2096389
93072,J01AA10,2096429
93073,B03AA12,2832557
93074,J05AX19,70039
93075,A02AA03,2039269
93076,R06AD06,1383575
93077,R06AX09,89672
93078,S01EB04,675180
93079,N06AA07,139311
93080,D08AJ06,371614
93081,R06AA09,111498
93082,R02AA02,192290
93083,P01BX01,152728
93084,M02AX02,43448
93085,C02CC01,675211
93086,R01AC06,1046689
93087,D07AC02,2039202
93088,A03AX02,1383289
93089,B02AA03,148501
93090,C01AA02,1362532
93091,A12AA06,2039356
93092,V09AX03,2039213
93093,R06AA07,418482
93094,R06AA57,418482
93095,D04AB03,209594
93096,J01DB08,454446
93097,C08EA02,112651
93098,A08AA09,1383402
93099,D08AJ01,661367
93100,R06AD09,1383506
93101,N04AA04,139241
93102,A03BB02,661674
93103,A03AB05,654675
93104,N05CM12,454376
93105,C04AE04,588819
93106,C04AE54,588819
93107,C01BC09,1318954
93108,D01AE03,2039311
93109,D08AJ10,2039339
93110,C02DB03,421036
93111,A03BB04,2197720
93112,A03AC04,2039205
93113,P01AX52,77129
93114,R01AA10,794330
93115,C01DX05,276041
93116,N06AB02,54070
93117,N02AX05,139237
93118,A02AB06,2039270
93119,R05DB23,2039341
93120,S02AA18,675175
93121,M03AA01,1767956
93122,J01DB03,24991
93123,A03AB11,1383388
93124,M01AB04,23001
93125,J05AH04,479511
93126,L01EM04,1592320
93127,L01EM02,1724957
93128,L01EK03,715901
93129,H05BX04,1927033
93130,N05CM21,1927216
93131,L01EC03,1763574
93132,D10AX06,1951344
93133,L01FE03,1121918
93134,L04AC23,1121921
93135,L04AA33,1121958
93136,L01XX73,2406188
93137,J05AX05,2096378
93138,L01XL06,2465049
93139,V10XX04,2335516
93140,J05AB18,2486580
93141,L01XL07,2336170
93142,L01EB11,2508805
93143,N05CM07,675268
93144,L01EB09,2428752
93145,L01FX02,675524
93146,J06BC02,1380904
93147,L01FX04,1153495
93148,L01FA02,675787
93149,M05BX04,699374
93150,L04AC17,1380947
93151,R03DX09,1380695
93152,B01AC13,675576
93153,L04AA23,675488
93154,C01EB18,341382
93155,N07AX01,14406
93156,M03BA02,230249
93157,N02BF01,88316
93158,R05DA07,320260
93159,B05CB02,304390
93160,J04AK05,373981
93161,D06BB53,365538
93162,G01AF02,13494
93163,D08AF01,70239
93164,S01AX04,70239
93165,S01GA04,42520
93166,L01XX27,674929
93167,A06AH02,435293
93168,A04AD54,863857
93169,R03DA11,951492
93170,M09AX01,2464675
93171,N01BX04,91783
93172,A16AB07,675775
93173,J05AB02,47675
93174,S01AD01,47675
93175,L01EC01,691867
93176,A01AB23,371561
93177,V04CD01,86284
93178,C09CA07,116949
93179,J01ED02,949710
93180,M05BA08,2341540
93181,D11AX02,503630
93182,C03DB02,17411
93183,D01AE18,134040
93184,J01FA06,686036
93185,N02BA01,1280
93186,N02BA51,1280
93187,M03BB03,315123
93188,S01EC04,366278
93189,S01EC54,366278
93190,M03CA01,675239
93191,J04BA02,126356
93192,B01AF03,709600
93193,V08AB04,674883
93194,N05AD08,152751
93195,A07EC02,33202
93196,C01DX16,37980
93197,M01AE14,317909
93198,C05AD06,209074
93199,S02DA02,333370
93200,C05AE01,37493
93201,V08CA09,1449133
93202,M05BA07,83772
93203,L01DB09,624185
93204,A16AX01,46958
93205,L01CA03,401769
93206,D08AX08,13618
93207,J01DC05,458729
93208,S01FA01,445395
93209,D07AC03,591037
93210,D07XC02,591037
93211,N04BC06,675038
93212,J05AH03,228354
93213,G01AF11,255904
93214,H02CA03,255904
93215,A06AB58,1078532
93216,A03FA08,1376793
93217,A12CC04,2197351
93218,A16AX11,304398
93219,A10BJ02,2224030
93220,C01CA27,1376097
93221,A06AX05,191172
93222,L01BC52,368538
93223,J01DI03,566893
93224,N05AG01,66238
93225,S01JA51,2335038
93226,C07AB02,789
93227,S01XA02,104574
93228,D03AX02,1380467
93229,A10BF03,490151
93230,M01AG02,199490
93231,P01CB02,1363930
93232,V06DC02,604844
93233,S01XA18,72873
93234,N06BX13,418736
93235,B01AE07,561520
93236,R03AC12,242716
93237,C09AA16,164680
93238,A10AE05,1376661
93239,D09AA01,312304
93240,B01AA02,33727
93241,V09DA04,674372
93242,S01AD05,1380760
93243,L01XX24,1380812
93244,C08CA15,1362783
93245,D06BA51,806511
93246,J02AC03,27308
93247,L01EL01,1214046
93248,J01EC01,2247
93249,N02BB51,26820
93250,N05CD09,47006
93251,N02AF01,45838
93252,B03AA02,674591
93253,A01AC02,365281
93254,D07AC06,454305
93255,C01EB17,448872
93256,L01AD04,1064511
93257,A12AA07,674619
93258,J05AX07,508828
93259,L01AC01,28310
93260,D10AF02,12506
93261,J04AC51,4941
93262,D03BA02,1380975
93263,N01BB01,150882
93264,N01BB51,150882
93265,N05CM18,44905
93266,B02BA01,441571
93267,A02AC02,1381208
93268,B02AA01,127755
93269,C09AA01,444750
93270,N05BA01,721
93271,R05DB27,715210
93272,N05AX12,155006
93273,C04AF01,1381333
93274,A03FA07,1379727
93275,M01AX21,61717
93276,A03BA03,755100
93277,P03BX01,877201
93278,C08CA10,518263
93279,M02AA13,11674
93280,D05BA02,1063
93281,R03DC02,26451
93282,J01AA05,421082
93283,S01AD07,74284
93284,S01BC04,16308
93285,V04CG05,563451
93286,A16AX03,575670
93287,L03AX03,1381171
93288,J07AE02,1381205
93289,A12AA05,1378381
93290,D11AX03,1378389
93291,A10AC01,675534
93292,A10AD01,675534
93293,C08CA06,365248
93294,L01EX04,33576
93295,H05BX01,675235
93296,H01AX01,675474
93297,C01BA51,255477
93298,C09AA10,421317
93299,A06AD12,497330
93300,S02AA12,398458
93301,A04AD11,1449169
93302,A02BA04,1672366
93303,J01DH04,460466
93304,G02CC02,51056
93305,M01AE02,51056
93306,N06BX18,110947
93307,M02AX06,611591
93308,S01XA03,674525
93309,G03CC06,328137
93310,N01AX63,696929
93311,A02BA03,78303
93312,B02BD11,1380548
93313,L01XD01,675597
93314,R03BA09,508532
93315,L01EK01,716337
93316,H01AC05,675627
93317,D07XB02,381691
93318,R03BB05,562404
93319,S01GX11,675698
93320,G03CA57,675621
93321,R02AB30,675500
93322,R06AX28,147769
93323,S01ED01,8531
93324,N01BB09,618203
93325,J02AX05,500520
93326,S01LA01,2831997
93327,P01BE01,575613
93328,J01DD54,83724
93329,N06AA14,176875
93330,C07AG01,1785
93331,A07AA05,2832005
93332,S03AA03,2832005
93333,R06AX24,152610
93334,V03AB04,359778
93335,L01DB03,1114
93336,C02AA02,43952
93337,C10AD06,255548
93338,A05AA01,404691
93339,M04AB03,374182
93340,M05BC02,1380860
93341,D06AX02,27340
93342,N03AG06,122170
93343,A01AB24,673430
93344,V03AB15,6902
93345,J01CF04,56432
93346,H01CA02,675260
93347,J07AF01,1381387
93348,C01CA19,19278
93349,C02BA01,675280
93350,L01XB01,266225
93351,R05CB01,20881
93352,V03AC02,112090
93353,A03FA03,364745
93354,A03AC05,1376958
93355,D07AC15,674451
93356,R01AD01,674451
93357,C05AD02,32027
93358,D04AB06,32027
93359,L01XD04,20917
93360,L01CA01,71516
93361,R05DA03,388373
93362,C02DB02,8788
93363,M03AC04,306485
93364,C01BB02,15958
93365,S01GA51,42468
93366,C01BC08,139046
93367,D04AB01,6723
93368,N01BB02,6723
93369,B02BC09,28976
93370,S01EA01,28976
93371,B02BD30,1380376
93372,G03GA01,675623
93373,N05AF05,80351
93374,N06DA02,9372
93375,N04BA04,752782
93376,L03AB06,1380775
93377,D11AA01,675286
93378,A07AA01,2197622
93379,B05CA09,2197622
93380,J01GB05,2197622
93381,J01CA12,33055
93382,J01MA11,17136
93383,M03AC03,675170
93384,R03AC03,583322
93385,R03CC03,583322
93386,N05AA03,16391
93387,D04AA16,208661
93388,A05BA03,5246
93389,A02AB01,674657
93390,A01AC04,27370
93391,D07AA03,27370
93392,R01AD52,27370
93393,R05CB05,96595
93394,A05BA08,349663
93395,B03AA07,674781
93396,J06BD08,2335546
93397,N06BA14,2335591
93398,L04AC21,2335671
93399,L04AC22,2335882
93400,A16AB15,2335981
93401,D10AB02,697802
93402,D11AC08,697802
93403,L04AA31,96107
93404,N06BA12,675173
93405,A02BA07,1383722
93406,R03DA05,794445
93407,A16AA04,21036
93408,V09CA01,1369665
93409,L01BA01,49931
93410,S02AA10,13342
93411,L01DA01,442943
93412,V03AF02,567195
93413,J01XC01,372428
93414,A01AA04,1249004
93415,J05AP01,485738
93416,R03AC14,74690
93417,N02AB01,66158
93418,S01XA04,178545
93419,R06AA10,675207
93420,R01AC02,1038389
93421,A02AC01,674490
93422,L04AD03,2832030
93423,R03AC16,262509
93424,D07AA02,374052
93425,C10AX12,282991
93426,N04AC01,675154
93427,B05BA01,675602
93428,C10AC01,675490
93429,N06AX17,427379
93430,G04CA01,33667
93431,L01AD03,10881
93432,C09AA02,16847
93433,S01CB04,27152
93434,S03BA03,27152
93435,A01AB25,421157
93436,S01AA04,421157
93437,S01BA14,674816
93438,S01AD06,149095
93439,A12BA51,674682
93440,A02BB01,22391
93441,S01BA10,674940
93442,C07AB07,27417
93443,P01BA06,29097
93444,H01CA01,112560
93445,V04CM01,112560
93446,P02CA51,29637
93447,V03AB38,1763545
93448,L01FF02,1626777
93449,J05AJ04,1570837
93450,J01XA03,497165
93451,B03XA06,1592363
93452,S01AA24,325239
93453,V03AE05,1592384
93454,C10AX17,1927040
93455,B03BA05,1536559
93456,V08CA02,2096377
93457,B03AB04,2039256
93458,M05BX03,2039277
93459,B03BA51,1383003
93460,D08AX06,2096356
93461,A09AB01,704925
93462,N05AB10,1078530
93463,G03GB02,1532240
93464,C10AX10,1380570
93465,C01BA05,2832055
93466,C05BB05,13456
93467,N01BX03,13456
93468,A03BA04,1381172
93469,H02AB15,675099
93470,L01XX08,453578
93471,B05CX01,688684
93472,C05BB56,688684
93473,G03XC01,6914
93474,N05AX17,1383541
93475,L01EA01,88797
93476,M04AB05,1377990
93477,S01BC05,5080
93478,N05AE02,3799
93479,S01ED02,1354
93480,S01BC11,140107
93481,M01AX17,85553
93482,M02AA26,85553
93483,M02AB02,141088
93484,C01BA13,1247476
93485,L01EX18,2282945
93486,N03AX24,318390
93487,L01FF03,1763549
93488,N03AF04,139782
93489,L01XK05,494280
93490,A10BK04,1142547
93491,J07AH01,1381408
93492,G02AD03,1248686
93493,R03BB02,2335080
93494,R01BA01,94091
93495,R01BA51,94091
93496,C01EB22,1376978
93497,V09IX11,2464692
93498,D11AC01,2782196
93499,C01BD02,624251
93500,N01AB04,238429
93501,V03AB31,1369638
93502,D01AE11,253862
93503,A03CB04,674802
93504,V09CX01,674390
93505,C09AA03,189204
93506,H01BA03,674641
93507,N03AB04,66016
93508,C03AA08,453564
93509,D11AX13,328158
93510,N05BA11,95969
93511,V09IA05,675513
93512,V09BA03,674284
93513,A10AD03,675594
93514,J01ED04,674310
93515,J01EB04,32842
93516,V09DA03,674614
93517,V09CA03,1379758
93518,J01DC11,674997
93519,R03DA51,581819
93520,S01EX06,2039216
93521,P02CA05,878830
93522,J01AA11,1378341
93523,M01AB06,150722
93524,J01CE10,820061
93525,C01CA05,253572
93526,N02CX01,65404
93527,N02BB04,35538
93528,N02BB54,35538
93529,P01AA05,1152049
93530,L01AC02,139949
93531,N05BA19,716188
93532,N02BB53,60246
93533,S01FB03,123375
93534,S01HA06,147956
93535,R07AB04,692258
93536,A10BB10,453561
93537,M02AA17,97010
93538,C03BA09,742225
93539,J01MB05,38856
93540,G01AF14,1152054
93541,R06AE53,27546
93542,P03AB01,16530
93543,N05CA16,2367
93544,N06AF05,150743
93545,M01AB11,314587
93546,M01AX04,989360
93547,N06BX11,53591
93548,C07AA27,255566
93549,A10BB06,454372
93550,D10AB01,46656
93551,N05CA10,2198
93552,N05CA11,488074
93553,G01AC01,139247
93554,D01AC16,1379700
93555,R02AA01,1376032
93556,N02BA77,907761
93557,M01AE13,100485
93558,J01DD11,675155
93559,D11AX09,831240
93560,C01AA08,1078592
93561,N01AB05,16971
93562,J06BB14,1381476
93563,V08DA01,1381156
93564,B01AD06,1380682
93565,A09AA03,1381034
93566,D03BA01,1381087
93567,R06AC02,1377309
93568,B01AA09,33773
93569,A01AB16,2197764
93570,D01AA07,162991
93571,J01MB01,60500
93572,D08AH03,130007
93573,G01AC30,130007
93574,P01AC04,1152051
93575,R07AB05,686043
93576,A08AA06,10610
93577,A10XA01,2084
93578,M03BA01,612263
93579,M02AA22,838204
93580,M02AA21,118617
93581,P01AC03,1152057
93582,D04AA03,1377728
93583,J01ED06,1377769
93584,D10AB05,1379238
93585,N06AX10,1379266
93586,G03AC04,1377561
93587,J01EC03,1377669
93588,N02BA14,1377367
93589,A12AA30,1378786
93590,D06BB02,2197377
93591,R07AB09,1376732
93592,C01DX54,395946
93593,M03BA04,1376804
93594,P01BE04,88317
93595,H02AB03,421059
93596,R03AC09,82934
93597,J01FA12,1248721
93598,R06AC03,668237
93599,N05CC02,1376386
93600,P01AX01,1376416
93601,N05AA06,1376423
93602,C01DX13,772957
93603,J01DB02,134695
93604,P01AC02,1152064
93605,N02BE05,1192484
93606,C07AA14,100926
93607,D11AE01,842060
93608,V08AC02,1064493
93609,C01BD03,1376470
93610,N05BC03,1376478
93611,S01ED04,255221
93612,N05BA17,11763
93613,A02AD04,2096402
93614,A02BX12,2096399
93615,A02AD05,2096373
93616,N03AA04,2096352
93617,B01AC08,2096376
93618,A07AX02,754676
93619,A07BC02,2096416
93620,P01AR03,1152056
93621,N05CC04,1078583
93622,N06BX04,2096398
93623,A06AB01,408583
93624,C10AA06,403465
93625,R03DX03,581798
93626,G04BD13,1797543
93627,A03AA01,418489
93628,A03AC02,2039333
93629,R05CA07,2039230
93630,M03AC02,306429
93631,N06AA15,1383256
93632,D08AA02,58538
93633,C04AX30,1383036
93634,D08AX53,13616
93635,J04AA02,674917
93636,P03BX04,1152052
93637,R05DA12,1606408
93638,N05AB08,608817
93639,A03AB12,469580
93640,N06AA08,866306
93641,V09IX08,2039235
93642,G04BD01,1383245
93643,A03AA30,1046943
93644,C02CA03,488012
93645,R05CA09,1383430
93646,G03GA05,675667
93647,R01AA02,150688
93648,J01FA11,621723
93649,N05CA20,1309770
93650,G01AA11,1489350
93651,A03AX30,2039334
93652,B02BC03,2039254
93653,B02BC08,2039378
93654,C10AD04,2039258
93655,J05AD02,81347
93656,R06AC01,10661
93657,R06AB56,675238
93658,R03CC07,624172
93659,C01CA22,675202
93660,R06AX04,30096
93661,A03AX06,2039272
93662,J01CE09,1051276
93663,C02CC04,282577
93664,N05AB07,147927
93665,R03CC05,1013780
93666,S01GX05,675217
93667,S01EB10,30435
93668,J01DD05,675175
93669,C01BA08,2096433
93670,G01AA08,624269
93671,C04AX21,1043745
93672,S01JA02,1536282
93673,A03AB53,675237
93674,A08AA04,421350
93675,L04AA59,2197742
93676,L01EL02,2039319
93677,N07XX11,454365
93678,L01EX21,1832976
93679,L04AA45,1763569
93680,H01CC03,682106
93681,L01EE02,1420377
93682,N02CD06,1439217
93683,L01EB04,1817518
93684,S01EE06,1540484
93685,L01EJ03,1344709
93686,L04AA42,1525737
93687,L02BB05,1672700
93688,C03DA05,1442757
93689,S01LA05,1121853
93690,L04AA28,1121861
93691,L01FX07,1121863
93692,L01FX09,1121912
93693,J06BD02,1121913
93694,L04AA53,1121950
93695,L04AA15,675480
93696,L04AB01,675371
93697,A16AB23,2464760
93698,J05AX17,1097714
93699,N02BB52,2197674
93700,S01XA29,2464928
93701,C01CA01,139072
93702,B05XA14,1592385
93703,N05AB06,1325
93704,L04AA36,1380307
93705,L04AC01,675587
93706,L04AC05,675786
93707,L01FX01,1381221
93708,L01FE02,675778
93709,J06BC01,1381447
93710,L04AB06,675784
93711,R03DX05,675485
93712,C09AA12,598323
93713,C03XA02,581850
93714,J01CA08,1062842
93715,B06AC03,675788
93716,N02AE01,446784
93717,A06AX04,1763646
93718,S01AD09,365284
93719,G03BA03,364520
93720,G04CA02,61181
93721,R06AE55,469632
93722,G04BD09,1228747
93723,H01CB02,511465
93724,L01EG01,675133
93725,S03AA07,241
93726,N02CC07,250328
93727,L04AX07,1379603
93728,D10AF07,371561
93729,C01BD07,308422
93730,H01BB02,392195
93731,B01AC23,50440
93732,C07AA07,5528
93733,P03AC04,421902
93734,C02KD01,3683
93735,N06AX22,8209
93736,V10BX02,1369669
93737,D09AA10,8193
93738,A01AD05,1280
93739,N06BC01,16485
93740,L02BX02,237139
93741,J05AJ01,422253
93742,N05AD01,3859
93743,D11AX10,33679
93744,N07XX14,60371
93745,N05AD06,34949
93746,C07AB04,27347
93747,C05AD03,16735
93748,N01BA05,16735
93749,R02AD01,16735
93750,A11HA01,175447
93751,N05CD05,27419
93752,P03AX06,35486
93753,C01AA04,419508
93754,V03AB16,13618
93755,J01DB05,485902
93756,N05BA08,16960
93757,J01DD15,84624
93758,A06AB08,1078532
93759,N01AX11,674633
93760,D05AX05,495572
93761,A06AD19,2197351
93762,N05AL07,4671
93763,G01AD01,674510
93764,A10BH03,1376015
93765,L01AA06,119640
93766,N03AX14,252155
93767,V03AB34,261343
93768,J05AX10,519284
93769,N02AA02,1380180
93770,N03AE01,2465
93771,L01AX04,5772
93772,A02BC03,5975
93773,A07AA09,70140
93774,J01XA01,70140
93775,R05CA13,484235
93776,R03BB54,1927030
93777,L02BX01,237298
93778,J01MA23,1377907
93779,N02BG10,2096384
93780,S01AA07,312304
93781,A08AA01,453532
93782,A11HA05,65798
93783,D06BA04,204115
93784,V09IX06,674695
93785,D07AB02,515027
93786,A12CD02,1248730
93787,D05AX04,1377881
93788,A07AA07,8873
93789,B01AE05,478003
93790,L01XK02,624225
93791,G01AX16,240864
93792,C05AE02,556
93793,C08CA09,453548
93794,D07AC21,674859
93795,N03AF01,15086
93796,G04BA01,674890
93797,D07AD01,641189
93798,M02AA08,151923
93799,D10AE51,674321
93800,R01AD03,365281
93801,S02BA06,365281
93802,S03BA01,365281
93803,M02AA18,10531
93804,A03FA09,93995
93805,J05AE02,17170
93806,P02CF01,674584
93807,A02AA04,674669
93808,L03AA14,2464661
93809,C04AE01,1510461
93810,C01BG01,139866
93811,G01AF01,27912
93812,G02CB04,1449134
93813,C09CA08,674643
93814,M04AA03,647206
93815,M01CB01,113247
93816,B01AC10,1140314
93817,M01AX25,1381188
93818,B05CB04,304381
93819,C07AG02,36662
93820,C03AA04,62615
93821,C10AB02,57488
93822,N05BA02,2431
93823,N05BA56,16959
93824,L01BB07,675063
93825,L01AD05,561038
93826,V08AA01,675171
93827,G03XC03,162444
93828,B01AC11,7494
93829,C10AD02,16656
93830,N05AF03,80209
93831,G04BD06,618127
93832,R02AX02,11674
93833,A05AX02,10550
93834,D07AC18,674337
93835,S01BC09,293341
93836,H03BA02,421208
93837,D07AC17,401141
93838,R01AD08,401141
93839,G01AF21,222633
93840,P01AB02,222633
93841,R01AD09,187696
93842,G03CA01,31241
93843,C10AA02,9495
93844,A10BK01,441579
93845,H01BA04,1407411
93846,L03AA13,675363
93847,G03GA07,675530
93848,A01AD08,675377
93849,L01XX29,675367
93850,A16AB02,675396
93851,J01CA17,712275
93852,A10AB06,675589
93853,B01AD10,1381331
93854,B01AB06,1381470
93855,A07AA13,398458
93856,J04AB03,398458
93857,L01BB02,674702
93858,A10BB09,346895
93859,A14AA07,149457
93860,G03XX01,149457
93861,S01AD02,169321
93862,M02AA12,51056
93863,M03BX04,611591
93864,B05CB01,674525
93865,B05XA03,674525
93866,B03BA03,1376007
93867,J04AB04,397074
93868,L01CB01,68607
93869,B01AB02,1380840
93870,H01AB01,675607
93871,S01BA05,381691
93872,G03DB02,675090
93873,L04AX04,63649
93874,L04AC03,675577
93875,A16AB05,675399
93876,B01AE02,675435
93877,G01AX11,675675
93878,L01CX01,493099
93879,M05BA05,299299
93880,A06AD11,76538
93881,D09AA06,64200
93882,L01CE01,7501
93883,J01DD12,508755
93884,C05AD05,16581
93885,C08DB01,1278
93886,V03AN02,694221
93887,A11CC05,125294
93888,C10AX11,1449347
93889,V09IX02,1038730
93890,C02AA04,1941483
93891,V04CJ01,675540
93892,D01AC60,16973
93893,J01CA10,558295
93894,G01AA05,27340
93895,R06AE07,111185
93896,L02BA01,6968
93897,M02AA05,9913
93898,S01BC10,119162
93899,A11HA08,1380372
93900,A16AA06,160056
93901,N05CA19,2166
93902,N06AX16,27278
93903,B05CA02,48849
93904,D08AC52,48849
93905,A10BH01,363589
93906,L01EX03,489525
93907,D04AX01,1051118
93908,N06AA12,1051118
93909,C02CA04,33373
93910,S01XA08,20881
93911,B05XA08,304383
93912,A07EA07,674451
93913,J01DC03,180228
93914,S01HA03,32027
93915,N03AA02,2217
93916,J01CA05,454373
93917,B01AA03,394165
93918,G04BX14,1383340
93919,A10BA01,282509
93920,R03AC15,624233
93921,S01GA01,42468
93922,N06AX05,26401
93923,A02BC04,222203
93924,A03AD01,21716
93925,R01BA02,454076
93926,S01HA07,6723
93927,A01AD01,28976
93928,V09DB05,675452
93929,R05CB13,675570
93930,J05AX06,39781
93931,N01AA01,17033
93932,H02AB12,674568
93933,S01BA13,674568
93934,S01AB02,2484
93935,L01XX59,2197779
93936,C01CA03,372912
93937,A10BB01,5582
93938,N02AC52,27576
93939,P01BB01,320522
93940,P01BB51,320522
93941,R03CB51,1994
93942,A07AA51,2197622
93943,S03AA01,2197622
93944,P02CC02,700190
93945,S01GX01,7725
93946,S01GX51,7725
93947,C01CA10,11775
93948,N02CA51,558566
93949,A08AA11,301194
93950,A04AD14,2039302
93951,A03AB07,675215
93952,P01AX05,2355
93953,M01AC56,20496
93954,N04BD01,96021
93955,C10AB11,675696
93956,R06AE09,675142
93957,J01XE51,16592
93958,L01XX03,386327
93959,C05AA04,27370
93960,S03BA02,27370
93961,L01AX02,453722
93962,R03AC11,641256
93963,J02AC01,13758
93964,V04CX10,2335383
93965,M09AX10,2335499
93966,A16AX16,2335731
93967,A16AX18,2335750
93968,A16AB19,2335773
93969,A07BC05,2336077
93970,R01AC04,258709
93971,R01BA03,219334
93972,S01FB01,219334
93973,L02BA03,304798
93974,M01CC01,369179
93975,A10BX02,248669
93976,P03AA54,94571
93977,J02AC04,334337
93978,V09FX01,1369650
93979,V04CA01,46726
93980,N06BA01,543
93981,G01AF17,242303
93982,N03AG04,141484
93983,J04AB02,365189
93984,D05BB02,169652
93985,A12CC10,674523
93986,N07AA01,14126
93987,D03AX03,674930
93988,S01AA13,372428
93989,S01EE03,674914
93990,A11HA07,688685
93991,N06AX23,161281
93992,R03CC13,74690
93993,J01MA16,1712
93994,H03AA04,60268
93995,P01AX06,378315
93996,L01XA01,8633
93997,A07AA03,674607
93998,A06AD18,513323
93999,M05BA04,70674
94000,A01AC03,374052
94001,R01AD60,374052
94002,A01AA51,426045
94003,A12CD01,426045
94004,N06AF04,2197714
94005,N07AX03,279727
94006,M01AB05,29890
94007,J05AE01,17169
94008,G04CA04,33307
94009,A06AG01,136282
94010,R03BA04,27152
94011,S01BA06,27152
94012,B01AB04,675574
94013,C09CA01,408842
94014,C01CA04,4584
94015,R05DA09,77456
94016,L03AA02,675434
94017,A04AA01,3183
94018,L01XX05,4730
94019,L02AB02,34608
94020,V03AE10,1763554
94021,A03AX05,936833
94022,B01AC04,598402
94023,J01XA02,2335137
94024,B05XB02,2039337
94025,V03AB37,1926845
94026,B03AA10,2039276
94027,V03AF06,2039231
94028,H01AC07,2039261
94029,C10AX08,2039323
94030,L01ED05,1757351
94031,A16AB18,2039353
94032,V04CD04,1380448
94033,M03BX55,1086104
94034,J05AX09,675138
94035,C03CA02,139281
94036,A08AA56,351701
94037,R01AA03,351701
94038,A14AA09,1078594
94039,C09XA02,480746
94040,R01AA06,245084
94041,R01AB03,245084
94042,S01GA02,245084
94043,A07DA52,6005
94044,N06AA05,316208
94045,L04AA39,2197848
94046,L04AA43,2197857
94047,L01XX62,2197829
94048,D06AX14,2197918
94049,A10BK05,1335827
94050,D01BA03,199711
94051,L01EL03,2146132
94052,J02AX07,2335484
94053,C01EB24,2335488
94054,N02CD05,2096371
94055,L01XK04,1626751
94056,L01XL02,1380993
94057,L03AB12,1380108
94058,B03XA04,1380132
94059,B05CA01,114108
94060,J06BB01,1381025
94061,S01EX07,1844006
94062,V09IX01,1038728
94063,L01FF08,2832649
94064,V09GX05,675140
94065,D02BA02,1672475
94066,M01AA03,2197547
94067,C03AA05,453832
94068,A12AA10,699417
94069,M03AC07,699450
94070,V08CA07,674411
94071,N05CE01,151300
94072,D08AE01,8167
94073,A10AD02,675451
94074,V09AB01,674311
94075,S01EB07,119717
94076,C02KA01,675438
94077,A16AX05,1674277
94078,A12BA02,2197693
94079,V09CA02,674748
94080,N05AA05,16584
94081,A10AC03,675594
94082,H02AB05,674293
94083,V09GX04,674678
94084,B05XA12,674630
94085,R03DA01,581819
94086,L01EF02,2039237
94087,D08AK01,2039201
94088,L03AX19,1540514
94089,N05CX02,22572
94090,M05BX01,273921
94091,J01ED03,516057
94092,J01DE03,712632
94093,S01GA06,44648
94094,R05DB03,898773
94095,R03DX06,111798
94096,C01AB51,421211
94097,N07CA04,1216376
94098,C09AA08,453655
94099,C01CA16,123375
94100,C01EB05,1376384
94101,D04AB02,147956
94102,J01DB06,1379906
94103,J01XX06,458901
94104,N05AG03,66843
94105,B01AC02,418428
94106,C01CE01,11066
94107,C04AX01,904871
94108,L03AX04,675668
94109,C07AA17,255377
94110,P02CA06,51961
94111,M01AE04,255534
94112,N01BB07,6883
94113,R05CB11,1379801
94114,N01AH05,675298
94115,N02BB05,837060
94116,D08AJ08,368083
94117,N05BA25,1122109
94118,M01AE08,314827
94119,A07AB04,908741
94120,C01BB04,684872
94121,C01BG07,139895
94122,N05CA21,2416
94123,D01AC21,1379717
94124,J01CA14,1248695
94125,L01CC01,138150
94126,N02BA59,875057
94127,C01DX07,1116882
94128,V08AA04,675251
94129,R01AC05,1377886
94130,S01GX03,1377886
94131,G02CC04,1037646
94132,M01AX24,831240
94133,C01DX06,209662
94134,G03DB04,1377992
94135,C10AD03,1078593
94136,R02AB03,1381454
94137,B06AA07,1381087
94138,V08AA10,1377306
94139,N05BX02,1377350
94140,N05AF02,139810
94141,A10BB11,1378888
94142,C01DX53,1064616
94143,N02BE03,16498
94144,P03AC03,746768
94145,N05BA15,624268
94146,L01AX01,453566
94147,R06AX03,1377728
94148,D01AE19,1377755
94149,R05DB15,1377767
94150,R05CB14,1379242
94151,R05DB18,1377572
94152,N02AA04,1379121
94153,B05XA10,2197498
94154,N05CM16,1377411
94155,N04AA10,1377457
94156,C10AB06,1377705
94157,R03DA09,1378930
94158,C01CA25,1378937
94159,C01DX01,1379050
94160,C01DX51,1379050
94161,C07AB11,242993
94162,N06BX08,1377129
94163,G03GB03,1378506
94164,J04AB06,1418093
94165,C02AA07,2197466
94166,A01AA03,1378845
94167,R05DA08,1377494
94168,C04AD01,1377608
94169,A03AA06,1377642
94170,N05CX03,453505
94171,P03BA02,330545
94172,C01CE04,2832018
94173,D01AE10,16457
94174,R05DB11,1377170
94175,S01XA11,1377176
94176,N02BA16,1377058
94177,N07BB02,1763638
94178,A03AA03,418422
94179,L01AG01,453486
94180,P03BX06,875063
94181,R07AB02,1376877
94182,C03BA12,1378437
94183,N02BE54,1078605
94184,C01CX07,122859
94185,D08AX04,1078497
94186,G03XC04,258826
94187,V03AE09,1380106
94188,R06AC53,668237
94189,V09GA04,1380159
94190,J01MA03,11474
94191,N06BX17,150639
94192,A14AA03,842060
94193,D10AX02,32978
94194,N04AC30,1376543
94195,N06AF02,705834
94196,S01ED54,255221
94197,J01MA08,210
94198,J01MB07,321737
94199,A02AD02,2096401
94200,D06AX10,2831996
94201,V09GA05,2464664
94202,D09AA04,2096411
94203,P01AR01,1152048
94204,A02AD03,2096441
94205,V03AB22,2096390
94206,D08AK04,2096432
94207,N02AC04,685193
94208,J01DD13,506443
94209,V04CX01,675255
94210,S01ED03,675188
94211,M03AC05,675300
94212,S01AA15,1279554
94213,D08AX02,428535
94214,V03AF10,2039314
94215,A12AA08,2039177
94216,A12AA11,2039418
94217,V09DX01,2039233
94218,R01AA09,42552
94219,N01BA01,1383399
94220,G01AF15,255508
94221,C02KC01,28477
94222,A02AB04,2039173
94223,B06AB01,2039209
94224,D01AE06,2039338
94225,C04AX26,181585
94226,D09AA05,1247587
94227,C04AB02,43448
94228,G02CA02,186531
94229,R06AA01,675196
94230,S01EX01,43086
94231,D11AC09,1383335
94232,R03CC10,1383220
94233,G01AF12,1064822
94234,R02AA09,656160
94235,H03BA03,915190
94236,V03AB27,2039187
94237,R05DB13,756430
94238,J01DD06,114506
94239,R02AA16,661367
94240,R05CB07,463381
94241,A02AB05,2039306
94242,R06AE04,27544
94243,C10AX07,2039309
94244,N02BA12,2039313
94245,S01EX02,675167
94246,M03AA02,203627
94247,N02BG02,656693
94248,C02CC05,1383081
94249,R03AC06,1013780
94250,C01AC03,1064522
94251,A05BA06,1627947
94252,S01AA31,675175
94253,C01BC07,139211
94254,A03AB14,1042479
94255,G04BD05,308699
94256,N05AB05,1078601
94257,L04AA56,2466823
94258,L01EB07,1377989
94259,N02CD04,1540510
94260,L01EH02,299120
94261,L01EF03,1763572
94262,L01EB05,1927157
94263,H01CB04,1376245
94264,L04AA49,1626739
94265,L01EE03,1677014
94266,N05AD10,1768774
94267,L01FX08,1121881
94268,A02BX06,153476
94269,J06BD05,2486784
94270,A02BX03,6772
94271,A10BX01,1380712
94272,L01FB01,1380877
94273,L04AA21,675481
94274,L01FX20,1380924
94275,L04AA47,1381774
94276,L04AA26,1153494
94277,L01FD02,1328912
94278,J06BD01,675484
94279,L04AB05,675782
94280,B01AX07,1382064
94281,S01AE04,16278
94282,B01AD01,1380413
94283,B06AA55,1380413
94284,A10AD05,675441
94285,J06BB07,1380965
94286,A10BJ04,1380107
94287,L01XF03,119498
94288,B02AB01,675554
94289,P01BC01,255947
94290,J01CR04,451591
94291,N05AH04,34234
94292,A07DA03,62259
94293,V08AB10,1379484
94294,A07BC01,1381017
94295,C09CA04,421066
94296,A04AD04,863857
94297,D03AX05,2464675
94298,R01AX09,2464675
94299,M02AB01,91783
94300,R03DX01,150549
94301,A02BA08,1121332
94302,M01AE12,139225
94303,N05AX08,7714
94304,N05AB03,16505
94305,N02BG08,2464645
94306,J01DC02,371655
94307,S01AA27,371655
94308,N03AX27,992582
94309,D01AE21,393942
94310,A10BJ01,390990
94311,P01AA02,8193
94312,P01AA52,8193
94313,S02AA05,8193
94314,N06BX03,53623
94315,N05AD07,65455
94316,M03BB73,315123
94317,L02BB03,717
94318,J01CE01,1615
94319,L01EX08,716009
94320,N01AX07,29090
94321,G03CC05,860
94322,G04CB02,674920
94323,N04BA01,112655
94324,N03AX09,38727
94325,C02AC05,21698
94326,D02AE01,102073
94327,L02BB02,249414
94328,C10AX02,22641
94329,C08CA03,486789
94330,S01HA01,333370
94331,D10AD51,2208
94332,L01XF01,2208
94333,J01CA01,305519
94334,J01CA51,305519
94335,A10BX05,1376028
94336,H03AA01,1376011
94337,A10BF02,445681
94338,J05AE03,88100
94339,V03AZ01,13618
94340,N02BE01,16450
94341,D07AC09,313314
94342,G03AC08,428747
94343,N07XX04,674633
94344,G03CA09,1377664
94345,A12CB02,2096428
94346,N05AL03,132933
94347,L01AB02,452239
94348,D06BB11,674404
94349,J01DH02,26386
94350,V03AB25,635
94351,C03BA08,73548
94352,A11CA01,104574
94353,A07DA02,1380180
94354,A02BC53,5975
94355,R06AA04,469763
94356,V09AB03,2197388
94357,L01CD04,675699
94358,V04CJ02,400344
94359,N07XX10,102755
94360,N01AH03,27638
94361,N03AF03,675705
94362,S01BC08,1362
94363,A01AA02,1248730
94364,L01XX16,365276
94365,D11AX11,13329
94366,L01CD02,1927101
94367,D10AF52,12506
94368,N07XX07,31289
94369,J05AP06,1378005
94370,C04AE51,1510461
94371,D06AX09,35271
94372,N06AA21,27713
94373,C02KB01,674813
94374,A01AB17,27912
94375,D08AK06,445859
94376,A01AB09,8917
94377,D01AC52,8917
94378,G02CA01,138594
94379,D07AC14,1078542
94380,D10AF01,581843
94381,J01FF01,581843
94382,G01AX17,114423
94383,L01XX11,453536
94384,A03BB05,1378247
94385,N05CD03,11715
94386,J01DC14,16199
94387,A06AD16,30180
94388,M01AG01,29989
94389,M09AB03,1381293
94390,J07BB03,1381308
94391,B03XA01,1381358
94392,V09HX01,674945
94393,L01XX40,69277
94394,J05AG05,296388
94395,J01AA02,674650
94396,C04AC01,16656
94397,N03AB02,921
94398,J01MB02,147
94399,C01EB16,11674
94400,M01AE01,11674
94401,J07AM01,1381141
94402,D10AD53,244450
94403,R03BA05,401141
94404,R06AA11,674357
94405,R03DA74,381693
94406,J05AG01,4345
94407,N05BX03,1378497
94408,V08CA05,675252
94409,N01AH51,19915
94410,L03AB07,675521
94411,C01BA71,255477
94412,A01AB13,373985
94413,M01AB51,173
94414,S01BC01,173
94415,N04BX01,267825
94416,J01DC09,675146
94417,D06AX15,398458
94418,D01AC03,52874
94419,G01AF05,52874
94420,S01AX05,66345
94421,P01CX04,25047
94422,A10BX03,46727
94423,N07CA02,66311
94424,B03BA53,1376007
94425,V03AB33,1376007
94426,C01EB09,502152
94427,L01XF02,33216
94428,C05BA04,675428
94429,J05AE10,267163
94430,L01EX01,13048
94431,C02KX05,1380104
94432,V09CA04,674590
94433,C05AA12,381691
94434,D07AB09,381691
94435,N01AF01,2216
94436,J05AG04,113138
94437,L01BA05,675697
94438,A16AB08,675773
94439,L03AB05,675368
94440,L03AB09,675613
94441,N03AX18,88739
94442,C05CA54,1671611
94443,D10AD04,13928
94444,R03DA07,155584
94445,N07BB03,675244
94446,N07BC04,20130
94447,C08CA04,407549
94448,A07EC03,1369
94449,D04AA10,27368
94450,N01AH06,111871
94451,C01BD01,27185
94452,J01CF02,76766
94453,N01AH02,27190
94454,M02AA25,150585
94455,V10XA02,1038730
94456,A11HA32,1377056
94457,S02AA01,27340
94458,P01BA03,10389
94459,C10AA05,417180
94460,J05AE08,188196
94461,N06AF03,148018
94462,A01AD02,9913
94463,J07AJ02,1381485
94464,A03AE01,153342
94465,N02CA02,2203
94466,A01AB03,48849
94467,R02AA05,48849
94468,S02AA09,48849
94469,R01AC08,663382
94470,C03DB01,89526
94471,S01GA53,114810
94472,L01AA08,1376021
94473,N02BG09,284208
94474,L01EG04,923
94475,R03DC03,47447
94476,N01BB03,147981
94477,N01BB53,147981
94478,N07BA03,614499
94479,S01XA28,614499
94480,S01AA02,438486
94481,N02AA58,454306
94482,C08EX02,119288
94483,C01BB01,6723
94484,N01BB52,6723
94485,B01AC21,699470
94486,C01CA24,28976
94487,A10AC04,675366
94488,R05CB06,253571
94489,L02BX03,422175
94490,A06AD01,674687
94491,N07CA01,32459
94492,N06AX03,573
94493,J05AC02,93858
94494,A01AB08,2197622
94495,D06AX04,2197622
94496,J01DC06,454514
94497,G03XC02,65648
94498,N06AA01,6243
94499,A04AD01,579689
94500,N03AX10,150451
94501,A07EA01,27370
94502,H02AB06,27370
94503,L03AC01,675456
94504,A10BB12,405366
94505,C09CA09,1340892
94506,M02AA29,317541
94507,C01AA03,1381438
94508,L01AX03,53686
94509,D01AC15,13758
94510,C05AA11,419542
94511,C10AB04,2994
94512,A06AA02,1246443
94513,L01XX67,2335544
94514,J05AX26,2335563
94515,L01EM05,2335586
94516,V08CA12,2335605
94517,S01LA09,2335721
94518,M09AX08,2335733
94519,L01FF06,2335694
94520,H04AA02,2335712
94521,L03AB15,2335790
94522,L01FF09,2335811
94523,G03GA10,2335926
94524,N05AH02,2261
94525,R06AX05,258709
94526,L02BB01,52087
94527,L03AB10,675616
94528,S01GA05,219334
94529,D06AX11,466768
94530,M01AH03,67010
94531,A10BB03,46726
94532,L03AB08,675558
94533,L01EN04,2034550
94534,R03BA08,1347273
94535,D01AC11,242303
94536,H03BB52,421089
94537,G01AD02,13342
94538,V08CA03,674297
94539,V09GX01,674486
94540,M02AA07,11968
94541,S01BC06,11968
94542,N07XX03,936464
94543,D01AE13,674631
94544,C03AX01,2045
94545,D06AX01,372428
94546,D06AX13,496769
94547,N01BB10,675144
94548,D07AB08,675060
94549,L02BB04,630886
94550,D11AX08,60268
94551,A07AA04,334866
94552,N05CM02,139608
94553,A06AG07,513323
94554,A01AA01,426045
94555,R03AC13,705778
94556,R03CC15,705778
94557,D06AX07,1592408
94558,L01XH01,11305
94559,V03AG05,136282
94560,L01CD01,8062
94561,G03GA08,675508
94562,A07EA04,27152
94563,R01AD06,27152
94564,N05AX14,13949
94565,J01DD14,454578
94566,G01AA07,421157
94567,J05AB03,149095
94568,N05CD08,27611
94569,N01BX02,675168
94570,J01XB01,1451060
94571,V03AF05,112480
94572,J05AF05,33986
94573,A12CC02,2197728
94574,L01BC01,51182
94575,J05AE07,499624
94576,A02BA02,1153672
94577,J01AA14,1540504
94578,B01AC24,416772
94579,M01AB02,16510
94580,V09IB01,674593
94581,J05AB17,341064
94582,A16AB12,1380942
94583,S01EX05,2464681
94584,J05AP09,1626743
94585,L01BC53,24522
94586,A07AA08,325239
94587,V03AN03,1160052
94588,N06BX12,1078496
94589,S01XA25,1351456
94590,V03AE08,1763559
94591,D01AC19,1376147
94592,P01CB01,404631
94593,J05AX13,686453
94594,C09CA10,1280127
94595,J01FG02,1627024
94596,N05AF01,80542
94597,S01AA12,577488
94598,D08AE03,13456
94599,M01AE17,117758
94600,M02AA27,117758
94601,C04AE02,796834
94602,A12AA13,1378393
94603,M03AB01,33060
94604,J05AD01,27780
94605,L03AC02,675548
94606,M01AB15,5080
94607,C08CA13,418487
94608,C10AA04,1450253
94609,J04AB30,1451061
94610,D05AC01,66687
94611,L01EB08,1365023
94612,N07BA04,522894
94613,A10BH07,1148185
94614,C01DX22,2206847
94615,L04AA35,2096408
94616,B03XA07,1926837
94617,A06AX09,1592333
94618,L01CE03,1592376
94619,L01XK03,651088
94620,M09AX04,1381001
94621,N02CD01,2096380
94622,V09IA06,1121961
94623,S01EB08,26732
94624,B03BA04,2096410
94625,R05CA01,675611
94626,M03BC01,674346
94627,N03AC01,150989
94628,C02DG01,674289
94629,B05XA17,675009
94630,V09XA03,675408
94631,D07AC10,674496
94632,S01XA05,2197378
94633,N03AB01,150452
94634,D05BB01,4193
94635,N01AB01,85649
94636,A10AC02,675451
94637,H01AC04,675506
94638,A06AD13,2197727
94639,S01AB05,153330
94640,D01AC06,26590
94641,N03AC02,31804
94642,D05BA01,402531
94643,S01KX02,482031
94644,C02AA01,503213
94645,M01AE07,93117
94646,M03BB52,674665
94647,D07AD02,674796
94648,D07AC11,674683
94649,V09IB04,1381066
94650,J01GB11,433616
94651,J04AD02,359952
94652,C01CA08,44648
94653,R03DA10,1376359
94654,S01BA12,1310878
94655,C01AB01,421211
94656,S01EE02,675358
94657,N02BG03,244737
94658,J05AA01,935964
94659,J01MB03,119300
94660,M02AA14,598869
94661,R06AD01,57833
94662,A12AA01,1379837
94663,A03AB19,1379844
94664,C01DA13,1379853
94665,C01CA23,1379878
94666,B05AA05,1380292
94667,G01AF07,995747
94668,M02AA24,837060
94669,D11AX23,988275
94670,J01DB07,624270
94671,J01CA19,742034
94672,R02AA12,471514
94673,N05CA05,2407
94674,J01DC12,712308
94675,P02CB01,352917
94676,C02CA02,33466
94677,V08AA03,675190
94678,N05AD09,90386
94679,J04AK04,1078523
94680,N02BA10,270986
94681,J01CE03,1377882
94682,L01AB03,453498
94683,C05BB01,172066
94684,C01AC01,1230007
94685,V03AN05,1381155
94686,R03CB53,1381409
94687,M05BX02,1381282
94688,J06AA01,1380683
94689,R06AC52,1377309
94690,C01CA12,1377310
94691,J01FA14,1378673
94692,N02BA55,35358
94693,C01BB03,583520
94694,C01DX03,1064616
94695,P03BA04,1152050
94696,P03AC53,746768
94697,D01AE09,250749
94698,M01AB03,118617
94699,A02BX11,990840
94700,R06AX32,1377775
94701,A02BX10,1377804
94702,C04AX07,644928
94703,P03AA03,1379238
94704,B01AA11,1377671
94705,N06BX10,1379092
94706,R05DB26,1377418
94707,N05CA22,1377503
94708,C07AA16,36633
94709,N05BA23,418452
94710,V08AA06,1377294
94711,N03AG02,150721
94712,N06BA08,1377177
94713,B01AA08,1378531
94714,N04BX03,214408
94715,M01AB17,153408
94716,M02AA09,153408
94717,A10BA03,56090
94718,G01AA06,1380469
94719,R01AB08,204823
94720,N02AC05,1376419
94721,N02CX03,2335078
94722,N05CA09,487855
94723,A05AX03,1078503
94724,J05AX01,914318
94725,N06AX07,33583
94726,N06BX01,95805
94727,A07AB02,948157
94728,R02AB02,577826
94729,M03BX03,418450
94730,J01CA07,1376536
94731,C07AB01,1380
94732,B02BC05,1376266
94733,D08AK03,798244
94734,V10AX06,2096375
94735,C04AD02,983973
94736,A16AB21,2537513
94737,J01DD16,573191
94738,N06BX22,137495
94739,G01AX09,588923
94740,D04AB05,209565
94741,C01CA13,642253
94742,R06AX07,65539
94743,C04AA01,671001
94744,N06AX09,114406
94745,C05CA05,2039257
94746,S01XA06,1092901
94747,J01FA05,604641
94748,C07AA02,13756
94749,D04AA01,1046689
94750,R06AC04,231013
94751,S01FA05,1040969
94752,D08AJ02,657555
94753,R03AC10,1383220
94754,N01AG01,150999
94755,A03AB16,2039175
94756,A12CC06,2039252
94757,N02AX01,1450195
94758,C01AA52,1362532
94759,B03AA04,2039307
94760,G01AX15,2039182
94761,N06BX21,2039361
94762,C01CA11,675185
94763,S01HA02,209594
94764,D04AA22,1383506
94765,C07AA01,822
94766,D01AC13,1349963
94767,C01AX02,610502
94768,V08AC09,675212
94769,J01XE03,2039225
94770,V09DA02,2039315
94771,N02CX05,264669
94772,V03AB13,509670
94773,M01AB12,913546
94774,D08AG04,2039229
94775,C09AA14,1383067
94776,N05BD01,1383043
94777,C02CC03,123977
94778,D04AA13,26443
94779,V04CG02,675274
94780,R06AX16,1277569
94781,L01EX17,1677558
94782,L01EX11,573133
94783,L01ED04,1927160
94784,L04AA37,1378029
94785,L01XJ03,1349878
94786,L01EX09,522730
94787,H01CC04,2000990
94788,G02CX05,1360388
94789,L01EX12,2099025
94790,L01FB02,1121914
94791,L01FA03,1121919
94792,N05CA02,2366
94793,S01EB02,892
94794,N07BC05,267966
94795,L01EX22,2429562
94796,V10XX05,2464837
94797,J05AX31,2464869
94798,N02BG12,1380833
94799,C10AX14,1381980
94800,L04AA25,675779
94801,L01FE01,675579
94802,L01FD06,1540521
94803,L04AA02,675588
94804,L04AB04,675482
94805,S01LA08,675483
94806,A10AB05,675441
94807,B02AB05,1380429
94808,C01BA03,11143
94809,J01FF02,378207
94810,V03AB35,1383547
94811,M02AX03,10009
94812,J01XD03,873560
94813,C08CA17,1383537
94814,J05AG02,19573
94815,S01KA51,2832027
94816,R06AE05,469632
94817,J02AC02,97867
94818,A10BH02,234541
94819,S01AE03,241
94820,V08AB03,675242
94821,L03AB02,1380776
94822,A16AA01,181939
94823,N07XX17,1379996
94824,L01XX10,144744
94825,C03CC01,2654
94826,C08DA51,1219
94827,L01EE01,1376145
94828,C02AC06,60422
94829,C01DA05,479621
94830,A05BA01,1376784
94831,J01AA08,371561
94832,N06AX01,262631
94833,D08AX05,17025
94834,N02BF02,136161
94835,G01AC02,8193
94836,C01EB10,5797
94837,N02BA71,1280
94838,D10AX05,126356
94839,S01AA14,1615
94840,D11AX26,16485
94841,J01GB14,1062308
94842,R03AC04,49226
94843,L02AA01,860
94844,N01AX10,11819
94845,D03AX15,1380347
94846,P01BE05,420212
94847,P03AX05,1380466
94848,B05BC02,102073
94849,D02AE51,102073
94850,P01CC01,56480
94851,N02CA07,263558
94852,A02BX15,2832007
94853,N06BX02,453831
94854,C03CA04,180329
94855,R02AD03,333370
94856,S01AA19,305519
94857,A03AB06,1376043
94858,J01DC01,109807
94859,L01XD05,348717
94860,J05AE05,17347
94861,L01AA09,453911
94862,A10BX06,418415
94863,N02BE71,16450
94864,C03BX03,321738
94865,A11CA02,255373
94866,C05AA10,105252
94867,N06AX02,84633
94868,C08DA02,78582
94869,N04BC04,19316
94870,B01AC26,486977
94871,A06AX07,1376137
94872,L02BG04,374548
94873,N02BA11,77652
94874,B05CX03,44010
94875,R01AX02,104574
94876,N06AB04,14367
94877,D04AA14,469763
94878,A16AB10,675814
94879,A16AB11,1285397
94880,N05AA02,583530
94881,J06BB04,1380778
94882,C03DA03,887229
94883,J01EB02,204115
94884,N06DA04,27639
94885,A01AB12,240864
94886,H05BX03,674761
94887,B01AC19,681696
94888,N02CX02,27609
94889,S01EA04,27609
94890,M04AC01,14440
94891,G04BD10,291960
94892,D07AB19,365281
94893,D10AA03,365281
94894,S01CB01,365281
94895,D07AB11,674904
94896,H02AB17,1378112
94897,L02AE03,675198
94898,D11AX22,674584
94899,J01FA07,374015
94900,D08AX01,195106
94901,J04AC01,4941
94902,J01MA06,246
94903,P01AB01,27912
94904,J01MA15,1853
94905,A07AC01,8917
94906,G03DA04,12825
94907,C05BX51,1378461
94908,J01XX01,581859
94909,N05CC01,453652
94910,C03AH01,62615
94911,A06AG02,88841
94912,V03AE07,674751
94913,G03HA01,236019
94914,H03AA02,675070
94915,B05XA11,1674520
94916,R05CB16,30180
94917,D03BA03,1381293
94918,V08AB11,1379482
94919,L04AA32,458773
94920,B01AD05,675522
94921,V08AB07,674565
94922,C10AD52,16656
94923,N06AX15,1211367
94924,N06DA03,27251
94925,N05CD10,674423
94926,J05AH02,228121
94927,D08AC03,28487
94928,D10AD03,244450
94929,J01XD02,222633
94930,R03BA07,187696
94931,M01AE09,16308
94932,A10AB01,675534
94933,A10AE01,675534
94934,S01AA26,12428
94935,P02BA01,99024
94936,J05AP02,394996
94937,B01AF02,397524
94938,A06AH01,675721
94939,D03AX06,675377
94940,H01AC03,675637
94941,C01DX19,675413
94942,N01AB08,674645
94943,N03AX15,39857
94944,G03DB08,675813
94945,L01DC02,699405
94946,S01LA02,1378883
94947,N04BD03,388574
94948,R06AX13,110803
94949,V03AN04,238336
94950,N06BA04,49842
94951,N02BA04,464003
94952,D08AL01,294933
94953,A02BA53,78303
94954,J04AD03,374005
94955,V10XA53,2096355
94956,A10BK03,1380100
94957,A01AC01,381691
94958,G03AC05,675090
94959,L03AX16,20346
94960,C09AA06,454141
94961,V03AE03,1369656
94962,D08AG02,675675
94963,R02AA15,675675
94964,S01AX18,675675
94965,C07AB13,255378
94966,C03BA04,134333
94967,N05CD04,49847
94968,R01AD04,421058
94969,R03BA03,421058
94970,C09CA03,139045
94971,L01EB03,650126
94972,N05BB01,77459
94973,G04BD02,418484
94974,B02BX05,457398
94975,L01XX41,1073717
94976,R06AD02,27368
94977,S01HA04,209007
94978,P01CX03,58841
94979,G04CA03,23093
94980,A04AD12,399361
94981,A03FA02,557741
94982,C02KX01,93617
94983,J05AG03,374719
94984,L01XX36,1380590
94985,D11AH09,1153572
94986,D10AF03,27340
94987,J01BA01,27340
94988,A08AA10,358192
94989,D08AJ57,673430
94990,R02AX03,9913
94991,G03GA04,675507
94992,N02CA52,2203
94993,S03AA04,48849
94994,A10BG03,19737
94995,R01AA07,114810
94996,M03AC09,674599
94997,C09CA02,54211
94998,N01BA03,32027
94999,A01AB21,438486
95000,V03AB36,20131
95001,P02CE01,384948
95002,R01AB02,42468
95003,A02BC54,222203
95004,C10AA07,418845
95005,S02DA01,6723
95006,R03AK01,28976
95007,V03AC01,15938
95008,A10BJ03,1380602
95009,C04AD03,27029
95010,J01FG01,2831995
95011,R02AD05,253571
95012,N06AX25,1380368
95013,B01AE06,2831999
95014,N05CF03,421332
95015,B05AA07,1380714
95016,N07BC02,27576
95017,N06AB06,53616
95018,P02CB02,29569
95019,J01DD07,12105
95020,R03AB02,1994
95021,R03CB01,1994
95022,R06AA02,27629
95023,C07AB09,43354
95024,C09AA09,1592409
95025,R06AB05,208661
95026,A04AD51,579689
95027,N05CM05,579689
95028,M01AC06,20496
95029,L01XA03,243124
95030,M01CB03,308917
95031,A01AC54,27370
95032,S01BA04,27370
95033,S01CB02,27370
95034,L03AX13,675604
95035,V03AB08,150941
95036,N07BC03,421070
95037,D07AC08,419542
95038,J05AB12,2832026
95039,S01FA06,674555
95040,M01AC02,112102
95041,A10BX18,2335479
95042,A10BX15,2335485
95043,N05CD14,2335497
95044,L01FX22,2335749
95045,B06AX01,2335705
95046,L01FX18,2335745
95047,L04AA55,2335803
95048,B02AB02,2335850
95049,L03AA18,2335921
95050,B02BD13,2335922
95051,A16AB16,2335959
95052,L01XX75,2335961
95053,L03AB60,675616
95054,C01CA06,219334
95055,S01GA55,219334
95056,L01EA03,426660
95057,R03AC02,34094
95058,R03CC02,34094
95059,C02DA01,364859
95060,V09EA01,1369665
95061,J01EA01,1216
95062,H03BB02,421089
95063,N06AA04,996
95064,S01AE01,146
95065,R02AB04,674509
95066,N02AB02,22528
95067,N06AX12,77128
95068,M01AX05,470033
95069,G03DC02,187962
95070,D06BB04,4775
95071,G04BD14,80299
95072,A11HA30,674930
95073,C03AA03,2045
95074,D09AA02,372428
95075,L01XX01,2580
95076,V04CX06,675735
95077,D05AX01,516838
95078,G03CC04,342897
95079,A02AB03,2096366
95080,A12AA04,674490
95081,A07AA54,334866
95082,R03CC08,262509
95083,A01AB10,674607
95084,B01AA04,394229
95085,A06AX06,122247
95086,C05AA01,374052
95087,H02AB09,374052
95088,D06BA03,1148
95089,G03AC09,429174
95090,N02AC03,567161
95091,D05AX02,674617
95092,D05AX52,674617
95093,L04AA06,68396
95094,J01FA13,699423
95095,H02AA01,11212
95096,J05AX24,706068
95097,J01XX05,675221
95098,N05CA01,2327
95099,A06AD17,136282
95100,C05AA05,27152
95101,D10AF06,2525
95102,N03AX21,61945
95103,J01AA56,421157
95104,A07EC01,1223
95105,C10AA08,675704
95106,A07AA10,1451060
95107,A12BA01,674682
95108,D07AB06,674551
95109,D10AA01,674551
95110,S01CB05,674551
95111,A06AD04,2197728
95112,V04CC02,2197728
95113,A02BC06,675812
95114,P02CA01,29637
95115,L01ED03,1117844
95116,M09AX07,1763534
95117,G03AC06,34608
95118,G03DA02,34608
95119,J05AP11,1356484
95120,L01FX06,1626776
95121,M09AX03,426110
95122,C08CX01,72035
95123,D11AX24,442077
95124,B05XA18,674880
95125,A16AB17,1926770
95126,H01CB03,675136
95127,A12CE02,185238
95128,J02AC05,433556
95129,A12CC08,2039274
95130,D05BA03,31196
95131,D08AL30,693216
95132,A16AB25,2039329
95133,R06AD03,320810
95134,P03AB02,16654
95135,A16AB01,675389
95136,B06AC04,1380616
95137,B05XB03,3059
95138,J01DH05,43449
95139,A08AB01,293438
95140,G03AC03,328164
95141,R03DC04,23745
95142,N02AX06,675727
95143,N05CF04,421334
95144,V06DC01,688684
95145,H01AC06,699377
95146,N02AA01,6005
95147,A11HA02,308201
95148,M03BC51,77779
95149,J05AF13,1380095
95150,C01BG11,1383552
95151,J01FA02,497011
95152,A07XA04,1376042
95153,L01AA07,452472
95154,M01AG03,29860
95155,N04BC08,795654
95156,C10AX16,2197904
95157,A10BH08,1421280
95158,N04BX04,622408
95159,J05AB16,2205527
95160,B06AX03,2241718
95161,V09IX16,2335305
95162,L01DB10,660844
95163,A10BK06,1592325
95164,N07XX13,1540511
95165,A16AX15,1376125
95166,L01DB11,280181
95167,M01AE18,1376101
95168,G03AD02,1376116
95169,G04BE11,1376119
95170,B02BX08,1376153
95171,J07AH07,1381061
95172,B06AX02,2464742
95173,D08AJ03,114108
95174,R02AA06,114108
95175,N06BX06,694050
95176,L01XL05,2537514
95177,A10BJ07,2739698
95178,V09AX04,1348550
95179,S01EA03,27495
95180,N03AD02,49869
95181,M02AA01,12417
95182,R06AX18,226880
95183,B06AA10,675539
95184,G03CC02,117108
95185,A10AB02,675451
95186,A10AE02,675451
95187,V08AC07,674721
95188,V08AC06,68817
95189,N03AB54,66016
95190,N05CX01,99389
95191,N03AA30,2408
95192,C03BA02,428791
95193,V09AA02,699462
95194,V09AA01,1379344
95195,V09GA03,2464653
95196,P02CA02,26590
95197,V04CK03,674319
95198,V08AA02,563573
95199,D01AE25,1015249
95200,N04AA08,1248735
95201,N02BB74,35538
95202,N01BB06,147956
95203,J04AA03,1378253
95204,C10AX05,74669
95205,R06AX15,1048558
95206,P02CA04,1152065
95207,H01BB01,284080
95208,S01ED06,255558
95209,H03BA01,754472
95210,L01XL01,1380601
95211,M03AC08,1078584
95212,B01AA10,837083
95213,P03AC02,1152067
95214,J01EA02,42531
95215,P01AX08,633554
95216,C04AX10,265957
95217,N06AA19,176014
95218,J01DD17,573177
95219,P02BX01,46656
95220,D01AC04,256000
95221,G01AF18,1379700
95222,S01AA22,325035
95223,C05CX01,1763652
95224,R05CB04,1226008
95225,D07AB03,675343
95226,D10AD05,445932
95227,N05CD15,11697
95228,N01AX05,320240
95229,G03DC01,1377888
95230,C01AA06,465355
95231,D07AB05,1379671
95232,V04CD05,1381128
95233,J06AA05,1381458
95234,R05CA04,1380638
95235,V03AB01,1380638
95236,C01CA15,2197602
95237,G01AA09,2197764
95238,B05CA07,1378711
95239,R01AA13,1378737
95240,N02BA75,35358
95241,A01AB07,130007
95242,N02BE73,16498
95243,L02BG05,374554
95244,N06AG03,20372
95245,C04AX19,418491
95246,P01AX07,19101
95247,M01AB13,66507
95248,R06AX31,661644
95249,M03BX07,1377797
95250,G01AX13,1377661
95251,P02DX01,1377876
95252,D07XB03,1379033
95253,C05CX02,1379064
95254,N01BB05,1376508
95255,N05AD04,1376970
95256,R01AA15,1377094
95257,J01CE07,1378818
95258,N04AA12,1379564
95259,A05AX01,1377501
95260,A14AB03,1377588
95261,A03AX09,1106611
95262,M01AX68,876580
95263,C04AC03,625642
95264,V04CK02,1380816
95265,N05CD13,1377196
95266,D08AJ59,1378469
95267,J06AA02,1380373
95268,R05CA06,1380378
95269,S01AX16,1376992
95270,R06AX11,65605
95271,G03GB01,231925
95272,C10AB10,1078580
95273,D01AA03,1380469
95274,B01AC15,1380488
95275,N02BA02,1380488
95276,B01AD03,1380516
95277,A06AB57,1380531
95278,A03AB18,685195
95279,D08AC04,28516
95280,N04AA11,2335058
95281,C03BA82,1378437
95282,B01AC01,1376576
95283,C05AA08,421059
95284,D07XC05,421059
95285,N05CA06,2326
95286,B01AB08,1380152
95287,V09DB07,1380160
95288,J01DD09,1503084
95289,C01DX18,663100
95290,D08AC01,38432
95291,S01AX14,38432
95292,N05BA18,685304
95293,N05BA14,685194
95294,A02BB02,1376464
95295,R05DB02,1378180
95296,M01AA02,1232772
95297,R05DA06,267841
95298,C01CA18,78400
95299,B05AA08,1381228
95300,G03CB04,1051052
95301,C01DX15,1376364
95302,A02AB02,2096361
95303,B03AB03,1086440
95304,G01AB01,754676
95305,R02AA13,2782401
95306,V09IA04,2096364
95307,R03BX01,581798
95308,R06AA08,66273
95309,A07EC04,675297
95310,A03AB13,1223032
95311,A02BX09,348947
95312,A02BX01,454298
95313,A02BX71,454298
95314,C04AX11,1383207
95315,N04AA03,675293
95316,A03AB08,675305
95317,R06AD05,2039342
95318,R06AD55,2039342
95319,R05DB28,1383302
95320,A03AX04,1249092
95321,N05BB02,1383249
95322,D04AA04,231013
95323,C02CC02,43086
95324,N06AX04,16225
95325,N02AC01,2096440
95326,D08AA03,283703
95327,B03AA11,2039308
95328,D11AX04,2039259
95329,R05DB10,675264
95330,N06AB09,1122107
95331,A03BB03,370289
95332,S01FA03,370289
95333,R03AC17,675246
95334,D04AA02,10661
95335,S01GX06,19712
95336,R06AB06,675238
95337,D09AA11,661367
95338,C01DA09,1383604
95339,C01DA59,1383604
95340,N06BA10,1383592
95341,A10BC01,1078587
95342,G02AB03,196351
95343,R05CA11,1581828
95344,A05BA05,2039226
95345,M01CB05,2039184
95346,N02BA08,2039185
95347,J01CA02,1671634
95348,P01AX02,77129
95349,A03AA08,1383352
95350,D01AE01,255047
95351,D10AX04,2464683
95352,L02AB03,2039183
95353,V08AA09,1383418
95354,V03AB02,439020
95355,R06AB52,675304
95356,L01DB05,1078604
95357,N07AA03,673257
95358,R02AA10,654024
95359,V09XA01,1383416
95360,D03AX13,2832737
95361,A16AB13,1380577
95362,C01DX21,1380624
95363,A10BJ06,1380990
95364,L01EN03,1193367
95365,L02BX04,1161221
95366,L01EK02,456867
95367,M09AX11,1377918
95368,L01FX05,1121865
95369,L04AC09,1121866
95370,L01FX16,1121923
95371,L04AC11,1121941
95372,S01XA24,2335823
95373,M09AX09,2335211
95374,L01FD05,2336149
95375,L01EB10,2486579
95376,B06AC06,2464702
95377,A16AB22,2464751
95378,N02BA03,1376365
95379,C01CA51,139072
95380,L01XD07,2464715
95381,L01FX19,2465006
95382,L04AA52,675787
95383,L01FF01,1381004
95384,L01FX03,1380847
95385,L04AB03,1381153
95386,L04AB02,675617
95387,D11AH05,1380941
95388,L01EC02,1340894
95389,S01EB01,14406
95390,S01EB51,14406
95391,M03BA52,230249
95392,B01AX05,675153
95393,J01FA16,694860
95394,J01CG02,207
95395,A16AX06,122901
95396,D06BB03,365538
95397,D01AC01,13494
95398,J05AB06,365284
95399,R01AB07,42520
95400,A07DA53,62259
95401,J05AF07,430522
95402,L01XJ01,460092
95403,J01EA03,221924
95404,S02AA15,241
95405,A07EA03,27229
95406,H02AB07,27229
95407,P03AC54,421902
95408,A11DA03,1672840
95409,D11AX52,503630
95410,A11CC01,430124
95411,C05CA51,378065
95412,G01AA51,444572
95413,D08AH30,8193
95414,C03AA01,515239
95415,L01AB01,56644
95416,V04CX08,694190
95417,J05AJ02,340684
95418,D09AA13,875000
95419,G02CX02,388819
95420,C05BB02,694073
95421,G04BD04,229058
95422,N05BA04,16506
95423,P01BA01,6579
95424,A14AA08,674387
95425,N07XX02,38898
95426,L01BC06,598447
95427,V03AB26,63949
95428,N02AD01,165474
95429,D10AD01,2208
95430,G04BE08,44920
95431,C01DA02,37493
95432,J01AA12,373970
95433,L01XX33,18694
95434,V04CH30,4011
95435,N06AB10,421007
95436,R01AD05,313314
95437,J02AB02,255904
95438,N05AX13,468656
95439,L03AB04,1380774
95440,N05AL01,1333
95441,J01MA18,405103
95442,B02BX04,675783
95443,N01AB06,238127
95444,V03AF03,675089
95445,L01XX07,706025
95446,J01DB01,674495
95447,D07AC12,1011112
95448,L04AD01,72873
95449,M03AX01,675360
95450,C04AX32,50822
95451,N05CD07,95909
95452,A02BC02,419598
95453,B03AB02,674774
95454,A16AB03,1380480
95455,D01AE12,1362
95456,D06BA01,806511
95457,B05CA04,204115
95458,N03AX11,366279
95459,G01AA03,8873
95460,C02DC01,51042
95461,D11AX01,51042
95462,C10AX06,674662
95463,C01DA08,556
95464,C01DA58,556
95465,N02BB01,26820
95466,N05AL05,389011
95467,J04AB01,43740
95468,J04BA01,255347
95469,N01AB07,674684
95470,S02AA03,63997
95471,C03DA04,626453
95472,C05AA09,365281
95473,D07XB05,365281
95474,H02AB02,365281
95475,S01BA01,365281
95476,D07XC04,454305
95477,J07BL01,1381082
95478,V08CA04,674544
95479,J04AA01,190484
95480,S02AA06,195106
95481,J04AK01,23522
95482,R03AC19,603199
95483,H01CB05,1798218
95484,N05AX16,1378030
95485,R01AX06,35271
95486,S01AE02,246
95487,L01AD06,229629
95488,J01XD01,27912
95489,S01EC02,1085
95490,R05DB24,1240077
95491,A02BC01,419601
95492,D01AC02,8917
95493,S01KA02,1381222
95494,C04AX28,104385
95495,A02BA01,1620
95496,A06AB52,88841
95497,N05BA06,16959
95498,B03BB01,469217
95499,B03BB51,469217
95500,N06AB03,2223
95501,V04CX04,30180
95502,D05AX03,63252
95503,M05BC01,1381437
95504,N03AB52,921
95505,C07AA03,8543
95506,D05AD02,1063
95507,G03EK01,328400
95508,J07AM52,1381141
95509,H03AA05,1381144
95510,C08CA55,419596
95511,R01AD58,401141
95512,R03DA54,381693
95513,A08AA05,46385
95514,R02AX01,16308
95515,V03AB17,563451
95516,J01MA17,238204
95517,P01CD01,118669
95518,A06AB05,1381271
95519,C08CA16,699483
95520,J01AA07,373985
95521,J01DD08,430642
95522,M01AB01,173
95523,L04AA18,1248731
95524,J06AA04,1381381
95525,G03DC03,1379701
95526,S01AA16,398458
95527,N05AH03,34197
95528,N07CA52,66311
95529,S01GX04,39540
95530,L02AE05,675206
95531,A11GA01,443348
95532,S01XA15,443348
95533,G01AX12,353011
95534,R05DA04,6167
95535,G04BX15,675428
95536,J01AA13,1280078
95537,J05AF04,107119
95538,N05CA15,2216
95539,D11AC06,675675
95540,H05BX02,674573
95541,N02CC03,196215
95542,C03DA01,328201
95543,A16AX07,675725
95544,A06AD61,76538
95545,D07AB01,1508315
95546,M01AC05,993371
95547,A04AA03,88800
95548,N05BB51,77459
95549,C08CA01,418414
95550,N06AA16,916384
95551,J05AB11,297372
95552,S01AA18,2832005
95553,J01CA03,218758
95554,L01XX35,42290
95555,C10AX01,15990
95556,C04AX27,1215321
95557,J07AC01,1380839
95558,L01EJ01,1153572
95559,A16AX14,178290
95560,J05AP08,708075
95561,S01GX12,111185
95562,G01AX66,673430
95563,C01BA02,27341
95564,B01AC05,60319
95565,C01BD04,5638
95566,L03AX18,993429
95567,L01XH04,435188
95568,B06AA03,675561
95569,A04AA05,663629
95570,S01GX09,663382
95571,R01AB06,114810
95572,S01GA03,114810
95573,L01CE02,5985
95574,A10BH04,377721
95575,N01BA04,652997
95576,C02AC02,66029
95577,A02BX14,1078535
95578,V03AB23,20881
95579,J01MB06,214701
95580,N06AA10,2262
95581,N04BC02,12494
95582,N05AB02,36842
95583,S01GX08,12957
95584,N06AX21,192908
95585,C05AD01,6723
95586,B02BC06,1380376
95587,N06DX02,1380732
95588,H01AA02,1376054
95589,J01XX09,374037
95590,A02AA01,674687
95591,H01AA01,675393
95592,J01CG01,194
95593,R06AB01,54051
95594,D11AX21,62817
95595,L02AE02,675150
95596,N06BA02,23199
95597,L02AE04,675285
95598,L04AX01,431141
95599,G03CA03,27626
95600,S01FA56,674555
95601,B06AC01,2335520
95602,J05AX28,2335682
95603,S01LA07,2335655
95604,L03AA17,2335771
95605,L01FF10,2336008
95606,L04AA41,2335952
95607,L01FX21,2335955
95608,M03BX02,140117
95609,L01AD02,10898
95610,R01AB01,219334
95611,A07AA11,466768
95612,N07BB01,94571
95613,L01EA04,62111
95614,C02BB01,880
95615,B03AB10,2336081
95616,R01AD13,1347273
95617,S01XA21,21036
95618,L01CA02,142808
95619,G04BE07,3854
95620,A06AD02,674523
95621,N02AB72,22528
95622,G03AC01,187962
95623,J01DC04,674969
95624,N06DA01,9333
95625,N07AA51,14126
95626,S01XA12,674930
95627,G03CA07,342897
95628,M01AH06,424824
95629,L01EB01,88232
95630,M04AA51,395607
95631,R06AX25,152819
95632,S01GX02,1038389
95633,C02DD01,1370034
95634,C05CA03,393440
95635,L01EB02,14785
95636,C02CA01,97
95637,N05CX04,139608
95638,G01AA02,674607
95639,S02BA01,374052
95640,V08CA11,1248762
95641,N02CC04,79047
95642,D10AA02,27575
95643,H02AB04,27575
95644,L01XG02,520664
95645,M02AA15,29890
95646,V03AF09,1204086
95647,N04AA02,151063
95648,N05CF02,80965
95649,H04AA01,2831992
95650,B03XA02,675493
95651,B05XA01,674682
95652,C05AA06,674551
95653,J01FA08,559106
95654,N06BA05,193096
95655,N04BC05,88815
95656,G02AB01,675307
95657,A07DA06,1425665
95658,H05BA01,2197638
95659,C03CA01,2046
95660,L01CA04,560078
95661,N07XX06,193281
95662,J05AF03,65494
95663,G04CX04,1926910
95664,N02BF03,1926974
95665,J05AP10,1592332
95666,H05AA04,1763543
95667,C10AX15,1927162
95668,J04AK08,378216
95669,M05BA02,10423
95670,C01EB06,678595
95671,J01MB08,685299
95672,B03BA01,1383003
95673,C10AX18,1926843
95674,C02AB02,34757
95675,A06AD65,466350
95676,L04AA38,2039218
95677,B03XA08,1978977
95678,B03XA03,2039285
95679,L01FF05,2039198
95680,J01GB13,325238
95681,M02AA10,16591
95682,L01AD01,10840
95683,H02AB10,487711
95684,J01AA15,1078379
95685,D08AH02,373953
95686,N04BD02,75752
95687,S01XA26,429204
95688,S01FB02,351701
95689,A03FA05,57186
95690,C01CE02,380567
95691,V04CA02,688684
95692,V04CX07,151408
95693,G04BE03,410802
95694,N07AB02,406520
95695,H01BB03,1763639
95696,N03AX25,2197820
95697,L01EX25,2158101
95698,L03AB11,675549
95699,L03AB61,675549
95700,J01CF05,371745
95701,L04AX09,2197815
95702,L01XL03,2197860
95703,L01XX72,1837803
95704,V09IX14,2739470
95705,J05AX25,2335474
95706,M05BX05,2039297
95707,L01XX58,1927218
95708,M01AH07,277493
95709,B03XA05,1528018
95710,N01AX14,390556
95711,L01CD03,1380894
95712,L01FF04,2096424
95713,S01EB58,26732
95714,J01GB12,369244
95715,A11DA01,453914
95716,D11AH01,2197758
95717,J01MA12,2832775
95718,S01AE05,2832775
95719,D08AJ04,2782196
95720,N04AB02,674974
95721,H05BA03,2464679
95722,V03AB20,21741
95723,C01AA07,465356
95724,C03AH02,583522
95725,V08AD04,91369
95726,V08AD03,674772
95727,J04BA03,674531
95728,C03AA06,134100
95729,M04AB02,60232
95730,M03BB02,674665
95731,A03CA02,674901
95732,V09XX01,1369664
95733,V04CH02,1377293
95734,L01AA10,2341011
95735,G03BB01,429213
95736,S01GA56,44648
95737,C01DX12,753339
95738,C05AD04,147956
95739,A06AB09,1378274
95740,A06AD21,1380051
95741,M01AX02,97010
95742,N05AC03,148004
95743,R06AE03,27546
95744,A11DA02,1378083
95745,J01EB08,1379759
95746,M01AA06,1379990
95747,V04CH03,429968
95748,N06AX08,666467
95749,C04AX23,1078574
95750,C07AB10,139268
95751,C08EA01,418483
95752,N05AB09,1078575
95753,C01DA63,1379853
95754,R05DB09,924160
95755,D08AJ58,368083
95756,L03AX02,8816
95757,N06AA13,209838
95758,J01MA22,15423
95759,D08AE05,419430
95760,J01XX03,900489
95761,M01AC04,685263
95762,G02AD01,55033
95763,L02BG02,217341
95764,S01AA25,2197396
95765,J01CA09,430506
95766,P01AC01,1376038
95767,N02CA04,484020
95768,J01CA16,705726
95769,N02BA79,875057
95770,N02BA07,907761
95771,S01EA02,675213
95772,D07XB01,675343
95773,N05CA04,2256
95774,N05BA07,151412
95775,M01AE15,1037646
95776,V08AC01,1038438
95777,C10AD05,697885
95778,M04AA02,193277
95779,D02BA01,13372
95780,G03GA03,1381415
95781,D04AA12,1379531
95782,V09HA04,1381075
95783,N02BG04,1377345
95784,N05CM06,675161
95785,G04CX03,2197764
95786,R05CB08,1378741
95787,N03AG05,37067
95788,N02BA05,35358
95789,M03BA71,612263
95790,G02AD05,896714
95791,C01DX11,223582
95792,M01AB07,1377726
95793,N05CA08,1377822
95794,N01AX04,1377615
95795,M01AE11,317367
95796,A14AA04,1379150
95797,A07EA05,1379382
95798,D07AB07,1379033
95799,G01AX03,1379207
95800,C01EB11,1048211
95801,J01DB11,1675829
95802,V08AA08,1378659
95803,C02AA57,2197466
95804,R01AX05,1377592
95805,P02DX02,46591
95806,A14AB01,1377176
95807,R05DA10,1377021
95808,R05DB12,1378353
95809,C03BA03,785231
95810,A07XA01,1380440
95811,M01AB09,758576
95812,A02BA05,2335157
95813,S03AA05,28516
95814,R03CC06,675164
95815,C04AC07,1376791
95816,D10AB03,468021
95817,C09CA05,115967
95818,V08AD02,1376663
95819,L01XX18,176796
95820,C04AX17,1232716
95821,D04AA09,668237
95822,L03AX11,1380157
95823,D06BB08,1376610
95824,S01BC07,621308
95825,D08AA01,1533104
95826,C10AD01,1078526
95827,N05AL04,27616
95828,D06AX08,577826
95829,A01AB14,1376525
95830,D08AJ05,1376525
95831,B01AC03,706010
95832,G02CB05,21938
95833,N03AA01,65567
95834,A01AB05,1380801
95835,D01AE05,1380801
95836,N06BX09,161596
95837,A10BB04,452837
95838,M01CB04,1531962
95839,G01AE01,2096405
95840,S01AX07,2096426
95841,P03BX05,295525
95842,A01AB19,2039304
95843,A05AB01,9951
95844,M09AA01,1363842
95845,A02AB07,2039204
95846,D04AA34,1383214
95847,R06AA56,1383214
95848,R06AE01,675222
95849,V04CE02,572705
95850,D08AX03,13616
95851,D04AA33,2039312
95852,M03AC01,306486
95853,N06BX15,1383378
95854,R03CB02,1331758
95855,R05DA01,1092901
95856,P02CX01,675254
95857,J01DD03,1799684
95858,C04AA02,186531
95859,R06AC06,1046689
95860,S01EB03,675292
95861,R05DB05,117805
95862,P03AX02,1152063
95863,A05BA07,2039355
95864,A03AX08,418413
95865,H03BX02,694482
95866,C05AD07,209224
95867,C01DX08,1383516
95868,R06AC05,835863
95869,R06AX58,1078598
95870,N02AD02,65590
95871,C01BA12,2197633
95872,R03AC08,624172
95873,A03AX01,79345
95874,G04BX10,21436
95875,B01AX04,2039275
95876,N04BC03,2039260
95877,N05AA07,80719
95878,A03AX03,1383221
95879,N05BA03,34350
95880,S01XA01,832643
95881,H03BX01,698819
95882,A03AB03,675237
95883,A03AB10,675276
95884,N02CX06,2197623
95885,C01DX14,1383224
95886,A03AB09,675183
95887,A01AB06,660961
95888,B02BD14,2832726
